title,content,created_at,responds_to,date_changed,upvote_count,channel_id,user_id
Tin,Open-source heuristic database,06-01-2022,,05-02-2022,97,66,702
Ventosanzap,Cross-platform foreground neural-net,01-07-2022,,09-05-2022,97,92,989
It,User-friendly explicit array,20-10-2021,,22-07-2022,6,46,323
Biodex,Pre-emptive 3rd generation throughput,11-08-2022,,01-06-2022,17,8,89
Bamity,Ergonomic leading edge array,28-01-2022,,06-01-2022,20,16,335
Stronghold,Triple-buffered zero administration strategy,09-05-2022,,11-06-2022,43,95,747
Lotstring,Open-source heuristic budgetary management,09-10-2021,,20-05-2022,90,37,28
Otcom,Mandatory value-added workforce,25-01-2022,,16-08-2022,96,54,148
Konklux,Cross-platform multi-tasking database,03-05-2022,,22-08-2022,74,41,139
Latlux,Persistent web-enabled architecture,06-12-2021,,23-06-2022,39,51,753
Konklab,Secured attitude-oriented open architecture,23-06-2022,,18-12-2021,23,61,807
Tempsoft,Customizable coherent attitude,13-08-2022,,17-09-2021,28,75,90
Kanlam,Diverse 3rd generation archive,29-04-2022,,30-08-2022,62,47,915
Sub-Ex,User-centric grid-enabled protocol,11-04-2022,,30-07-2022,68,27,37
Toughjoyfax,Multi-layered human-resource alliance,12-04-2022,,17-07-2022,100,69,516
Kanlam,Re-engineered homogeneous info-mediaries,05-12-2021,,30-10-2021,57,37,193
Flowdesk,Vision-oriented 24 hour functionalities,14-02-2022,,17-05-2022,58,95,496
Ronstring,Stand-alone 4th generation access,23-05-2022,,10-07-2022,63,18,274
Job,Networked asymmetric challenge,31-10-2021,,22-02-2022,64,82,841
Latlux,De-engineered 3rd generation leverage,13-09-2022,,07-02-2022,51,17,840
Gembucket,Sharable radical adapter,11-12-2021,,16-01-2022,14,99,491
Andalax,Expanded web-enabled definition,08-07-2022,,20-07-2022,49,96,257
Ronstring,Future-proofed upward-trending hierarchy,03-11-2021,,10-04-2022,38,0,553
Pannier,Ameliorated multi-state algorithm,20-10-2021,,06-12-2021,39,10,849
Regrant,Decentralized exuding pricing structure,27-07-2022,,11-12-2021,29,10,882
Lotlux,Grass-roots actuating firmware,20-04-2022,,09-11-2021,3,46,460
Treeflex,Decentralized fault-tolerant database,22-12-2021,,15-06-2022,94,48,550
Flexidy,Self-enabling well-modulated policy,20-02-2022,,04-01-2022,36,77,746
Rank,Horizontal exuding instruction set,23-10-2021,,24-01-2022,61,45,987
Matsoft,Advanced transitional matrix,13-06-2022,,21-11-2021,100,64,516
Y-find,Pre-emptive solution-oriented project,24-06-2022,,02-05-2022,42,65,214
Voltsillam,Inverse directional emulation,15-08-2022,,22-01-2022,81,13,330
Tempsoft,Universal tertiary monitoring,11-09-2022,,31-08-2022,48,12,325
Stringtough,Re-engineered tangible framework,03-07-2022,,09-07-2022,70,68,998
Stronghold,Total grid-enabled toolset,18-02-2022,,09-09-2022,46,33,427
Ronstring,Focused fresh-thinking parallelism,12-03-2022,,25-04-2022,62,67,175
Zaam-Dox,Upgradable exuding installation,04-08-2022,,11-09-2022,4,39,136
Wrapsafe,Managed bandwidth-monitored structure,12-09-2022,,28-01-2022,81,0,391
Alpha,De-engineered intermediate intranet,05-02-2022,,22-12-2021,6,83,25
Opela,Devolved value-added hub,18-02-2022,,21-10-2021,36,91,599
Transcof,Vision-oriented transitional knowledge base,25-04-2022,,27-06-2022,99,77,364
Biodex,Managed didactic function,22-09-2021,,18-08-2022,34,65,337
Stringtough,Advanced intangible capability,18-02-2022,,30-03-2022,22,16,306
Ronstring,Right-sized scalable standardization,11-05-2022,,16-05-2022,73,25,723
Bitchip,Enterprise-wide coherent task-force,31-10-2021,,03-07-2022,62,14,948
Solarbreeze,Synergized demand-driven ability,15-03-2022,,08-09-2022,83,6,378
Alpha,Multi-tiered radical local area network,07-07-2022,,11-11-2021,68,42,632
Gembucket,Centralized heuristic paradigm,07-01-2022,,21-06-2022,75,56,639
Trippledex,Stand-alone motivating open architecture,21-10-2021,,10-04-2022,96,98,404
Daltfresh,Cross-group systematic concept,04-04-2022,,04-10-2021,68,85,160
Sub-Ex,Proactive methodical adapter,15-02-2022,,02-04-2022,91,31,728
Sub-Ex,Adaptive reciprocal circuit,03-05-2022,,29-09-2021,50,87,433
Sub-Ex,Profound even-keeled methodology,30-12-2021,,20-01-2022,75,82,381
Hatity,Mandatory multi-state function,17-05-2022,,09-09-2022,33,47,419
Opela,Enterprise-wide discrete capacity,08-12-2021,,12-01-2022,62,14,255
Tresom,Optimized value-added matrices,25-12-2021,,01-07-2022,87,93,427
Mat Lam Tam,Operative upward-trending productivity,19-11-2021,,10-04-2022,90,74,796
Alphazap,Innovative encompassing process improvement,06-08-2022,,24-02-2022,11,15,225
Viva,Robust bandwidth-monitored structure,01-11-2021,,03-07-2022,35,7,337
Matsoft,Balanced next generation service-desk,27-10-2021,,09-12-2021,66,48,125
Flexidy,Optional coherent conglomeration,16-12-2021,,25-01-2022,12,45,691
Greenlam,Persistent methodical solution,06-04-2022,,28-06-2022,58,27,454
Regrant,Innovative bottom-line knowledge user,11-06-2022,,03-03-2022,5,48,145
Sonair,Programmable homogeneous emulation,07-11-2021,,21-12-2021,66,72,364
Gembucket,Optional neutral emulation,15-05-2022,,01-01-2022,67,66,559
Latlux,Compatible logistical capability,02-01-2022,,24-02-2022,82,49,539
Cardify,Pre-emptive secondary time-frame,18-01-2022,,16-10-2021,76,94,684
Bitchip,Cross-group intermediate neural-net,23-10-2021,,18-01-2022,71,25,683
Mat Lam Tam,Public-key explicit capacity,26-02-2022,,09-03-2022,24,59,654
Veribet,Cross-platform zero defect leverage,19-07-2022,,26-01-2022,32,62,946
Zaam-Dox,Polarised discrete functionalities,19-03-2022,,11-03-2022,53,30,425
Sub-Ex,De-engineered composite initiative,04-07-2022,,09-04-2022,77,78,180
Mat Lam Tam,Synchronised leading edge process improvement,21-06-2022,,02-07-2022,0,19,900
Flowdesk,Grass-roots systematic utilisation,02-01-2022,,01-10-2021,86,65,973
Home Ing,Function-based well-modulated encoding,15-08-2022,,31-03-2022,47,69,253
Ronstring,Grass-roots clear-thinking internet solution,04-06-2022,,12-09-2022,28,45,742
Tempsoft,Exclusive global challenge,09-09-2022,,27-03-2022,21,57,151
Span,Team-oriented incremental migration,08-03-2022,,29-11-2021,12,60,236
Konklab,Right-sized multi-state implementation,26-06-2022,,05-09-2022,80,49,234
Kanlam,Fully-configurable stable contingency,15-06-2022,,20-05-2022,28,51,429
Cardify,Business-focused interactive functionalities,01-08-2022,,14-09-2022,14,30,333
Fix San,Automated tangible solution,28-05-2022,,31-08-2022,7,51,666
Tin,Switchable static hub,27-01-2022,,22-05-2022,83,80,388
Opela,Advanced multi-tasking focus group,10-06-2022,,09-06-2022,4,95,812
Latlux,Optimized optimizing capability,06-10-2021,,08-07-2022,34,87,667
Sub-Ex,Persistent intangible synergy,07-06-2022,,03-02-2022,71,90,868
Hatity,Multi-lateral tangible benchmark,30-11-2021,,26-08-2022,37,75,604
Job,Compatible multi-state collaboration,06-04-2022,,31-03-2022,48,76,110
Rank,Configurable 5th generation help-desk,21-02-2022,,22-07-2022,88,75,304
Bitwolf,Organized systemic matrix,15-08-2022,,07-05-2022,32,14,892
Daltfresh,Synergistic web-enabled Graphical User Interface,16-12-2021,,16-07-2022,87,3,334
Opela,Persevering object-oriented utilisation,21-01-2022,,04-09-2022,72,74,97
Viva,Quality-focused heuristic matrix,11-04-2022,,27-09-2021,57,31,361
Konklux,Reverse-engineered analyzing synergy,30-10-2021,,14-08-2022,64,34,85
Y-find,Decentralized fault-tolerant leverage,16-11-2021,,10-01-2022,35,44,614
Tres-Zap,Enhanced multi-state task-force,20-07-2022,,28-06-2022,29,15,595
Biodex,Reduced object-oriented circuit,26-06-2022,,17-11-2021,31,5,120
Tampflex,Intuitive neutral encoding,09-05-2022,,19-04-2022,28,68,203
Wrapsafe,Grass-roots human-resource challenge,23-09-2021,,10-08-2022,50,5,418
Ronstring,Mandatory web-enabled definition,03-12-2021,,05-06-2022,63,84,368
Redhold,Grass-roots exuding capacity,05-11-2021,,07-03-2022,88,58,543
Redhold,Fully-configurable actuating forecast,02-05-2022,,09-05-2022,76,53,539
Tres-Zap,Inverse foreground database,06-12-2021,,06-06-2022,68,59,667
Cardify,Exclusive systemic model,24-08-2022,,16-01-2022,27,84,291
Sonsing,Multi-layered empowering frame,13-03-2022,,09-08-2022,98,39,699
Kanlam,Exclusive encompassing project,17-12-2021,,16-08-2022,91,58,97
Lotlux,Synchronised transitional budgetary management,04-06-2022,,17-12-2021,76,46,205
Asoka,Exclusive neutral leverage,25-07-2022,,11-08-2022,96,19,261
Wrapsafe,Face to face leading edge service-desk,14-10-2021,,23-02-2022,46,86,253
Greenlam,Synchronised analyzing open architecture,06-12-2021,,06-07-2022,42,20,42
Daltfresh,Team-oriented multi-tasking software,04-02-2022,,23-05-2022,68,75,165
Tempsoft,Ergonomic discrete alliance,10-10-2021,,28-01-2022,100,87,68
Span,Vision-oriented 3rd generation challenge,12-11-2021,,08-04-2022,70,93,61
Home Ing,Focused heuristic encryption,16-02-2022,,29-10-2021,61,59,723
Rank,Business-focused disintermediate approach,26-03-2022,,10-05-2022,53,55,47
Wrapsafe,Fundamental static contingency,07-09-2022,,03-08-2022,42,72,980
Andalax,Fully-configurable heuristic definition,10-08-2022,,03-11-2021,10,87,696
Viva,Robust eco-centric ability,26-08-2022,,20-08-2022,62,39,846
Redhold,Monitored multi-state solution,02-01-2022,,16-11-2021,94,95,71
Overhold,Reactive scalable core,08-08-2022,,09-11-2021,0,54,208
Regrant,Cloned bottom-line matrices,15-08-2022,,29-08-2022,15,38,753
Fix San,User-centric high-level collaboration,26-01-2022,,27-07-2022,11,67,988
Alphazap,Advanced radical project,06-04-2022,,10-12-2021,100,62,621
Rank,Compatible leading edge portal,04-01-2022,,29-06-2022,35,18,291
Vagram,Profit-focused static leverage,08-03-2022,,14-08-2022,16,57,122
Home Ing,Ameliorated encompassing installation,09-11-2021,,04-06-2022,48,79,591
Treeflex,Seamless motivating installation,29-07-2022,,27-07-2022,84,59,139
Overhold,Implemented fault-tolerant implementation,21-07-2022,,25-05-2022,30,92,139
Zaam-Dox,Switchable zero administration open architecture,13-12-2021,,03-04-2022,28,27,778
Zaam-Dox,Open-architected zero administration knowledge base,06-07-2022,,23-09-2021,2,82,828
Konklab,Cross-group asynchronous parallelism,11-03-2022,,24-08-2022,24,92,947
Flowdesk,Intuitive encompassing infrastructure,05-05-2022,,19-01-2022,73,95,49
Lotstring,Inverse fresh-thinking solution,19-09-2021,,09-07-2022,77,46,114
Domainer,Persistent bi-directional superstructure,26-07-2022,,21-06-2022,88,46,905
Overhold,Pre-emptive multi-tasking model,29-05-2022,,05-01-2022,60,56,362
Sub-Ex,Optimized actuating task-force,28-11-2021,,14-01-2022,12,10,160
Job,Persevering mobile access,10-10-2021,,02-05-2022,63,67,198
Duobam,Multi-lateral client-server frame,13-10-2021,,14-08-2022,33,82,102
Otcom,Organic intangible productivity,25-11-2021,,03-01-2022,54,39,859
Daltfresh,User-friendly foreground orchestration,03-07-2022,,22-02-2022,30,75,822
Latlux,Fundamental executive functionalities,08-01-2022,,16-09-2021,96,94,808
Pannier,Balanced 6th generation website,08-06-2022,,09-08-2022,23,74,264
Wrapsafe,Operative interactive Graphical User Interface,31-08-2022,,23-11-2021,14,63,427
Job,Object-based composite migration,18-05-2022,,08-05-2022,78,2,283
It,Customer-focused non-volatile synergy,20-05-2022,,03-01-2022,36,97,67
Lotlux,Configurable zero defect contingency,11-11-2021,,07-07-2022,91,96,601
Konklab,Integrated methodical complexity,31-10-2021,,22-09-2021,71,50,279
Duobam,Devolved stable secured line,20-07-2022,,14-04-2022,14,9,467
Quo Lux,Robust zero tolerance internet solution,15-06-2022,,23-02-2022,41,66,448
Gembucket,Intuitive foreground orchestration,03-09-2022,,12-01-2022,97,54,141
Asoka,Focused exuding installation,24-11-2021,,16-12-2021,11,36,935
Pannier,Visionary client-server paradigm,19-10-2021,,14-01-2022,48,48,291
Fixflex,De-engineered intangible core,24-11-2021,,29-09-2021,10,33,477
Zamit,Operative static process improvement,18-05-2022,,10-11-2021,93,4,499
Latlux,Exclusive actuating projection,15-03-2022,,02-09-2022,32,26,50
Transcof,Grass-roots asymmetric protocol,12-12-2021,,27-05-2022,45,59,119
Hatity,Centralized stable architecture,27-07-2022,,17-06-2022,33,9,157
Bitwolf,Compatible 4th generation flexibility,05-06-2022,,03-10-2021,79,22,48
Opela,Networked uniform capability,13-01-2022,,06-10-2021,12,95,254
Bitwolf,Object-based multimedia policy,11-12-2021,,17-03-2022,58,16,161
Fintone,User-friendly zero tolerance initiative,18-11-2021,,08-06-2022,80,46,287
Zoolab,Multi-lateral exuding local area network,10-07-2022,,01-07-2022,84,87,580
Bitwolf,Centralized methodical website,08-02-2022,,16-01-2022,72,23,471
Duobam,Focused uniform paradigm,06-06-2022,,28-10-2021,8,55,266
Y-Solowarm,Synchronised eco-centric website,12-10-2021,,12-10-2021,17,36,57
Tres-Zap,Assimilated encompassing internet solution,23-04-2022,,09-02-2022,80,23,466
Overhold,Stand-alone grid-enabled analyzer,18-11-2021,,11-06-2022,96,78,821
Home Ing,Decentralized value-added algorithm,19-10-2021,,23-02-2022,78,75,536
Sub-Ex,Sharable system-worthy superstructure,03-12-2021,,11-09-2022,92,86,772
Alphazap,Seamless radical knowledge base,04-04-2022,,03-04-2022,94,59,127
Cardguard,Realigned composite orchestration,24-09-2021,,26-10-2021,74,78,404
Veribet,Configurable dedicated forecast,27-04-2022,,20-07-2022,85,28,922
Latlux,Reactive full-range ability,19-02-2022,,23-08-2022,38,10,221
Redhold,Fully-configurable asynchronous protocol,06-10-2021,,17-08-2022,35,7,344
Solarbreeze,Switchable multi-tasking service-desk,14-07-2022,,30-03-2022,17,8,23
Zontrax,Innovative client-driven hierarchy,10-01-2022,,23-08-2022,56,36,271
Y-find,Centralized tertiary process improvement,05-05-2022,,18-06-2022,41,28,101
Fix San,Expanded systemic installation,16-12-2021,,10-11-2021,93,77,496
Sub-Ex,Polarised encompassing interface,12-03-2022,,12-07-2022,64,84,52
Daltfresh,Multi-tiered impactful customer loyalty,16-07-2022,,14-01-2022,89,33,693
Cardify,Up-sized encompassing ability,07-05-2022,,13-01-2022,58,52,348
Bamity,Enhanced attitude-oriented alliance,07-07-2022,,18-04-2022,19,11,638
Holdlamis,Future-proofed disintermediate extranet,09-02-2022,,22-12-2021,76,95,276
Andalax,Implemented zero administration complexity,31-12-2021,,23-02-2022,41,16,501
Toughjoyfax,Visionary leading edge service-desk,27-03-2022,,24-08-2022,83,48,958
Vagram,Digitized encompassing initiative,17-11-2021,,22-11-2021,75,5,492
Temp,Horizontal real-time encryption,03-06-2022,,31-07-2022,99,99,4
Solarbreeze,Innovative regional migration,20-08-2022,,29-01-2022,66,83,732
Cardguard,Upgradable solution-oriented instruction set,05-08-2022,,06-09-2022,60,97,280
Stringtough,Profit-focused exuding framework,05-01-2022,,14-08-2022,95,87,491
It,Profit-focused high-level intranet,18-11-2021,,25-04-2022,89,62,343
Ronstring,Mandatory systematic methodology,09-04-2022,,19-03-2022,78,63,507
Tresom,Fundamental fresh-thinking time-frame,12-07-2022,,28-11-2021,91,41,439
Fixflex,Ergonomic stable model,16-10-2021,,06-04-2022,65,79,79
Ronstring,Open-source logistical encryption,14-09-2022,,01-05-2022,95,18,136
Zamit,Re-contextualized web-enabled budgetary management,28-03-2022,,30-10-2021,89,68,997
Latlux,Inverse even-keeled help-desk,03-03-2022,,02-11-2021,54,32,230
Y-find,Total needs-based forecast,30-11-2021,,22-08-2022,57,36,599
Cookley,Multi-lateral multi-state synergy,30-12-2021,,03-10-2021,80,50,825
Sonsing,Customizable foreground intranet,04-02-2022,,01-01-2022,81,43,660
Vagram,Front-line local archive,06-08-2022,,10-10-2021,23,68,723
Y-Solowarm,Compatible uniform complexity,24-07-2022,,22-08-2022,100,35,215
Zaam-Dox,Managed modular success,22-11-2021,,26-01-2022,62,60,974
Alpha,Business-focused bottom-line paradigm,22-04-2022,,26-04-2022,5,12,365
Transcof,Focused full-range time-frame,09-04-2022,,03-07-2022,82,64,643
Tresom,Secured empowering support,14-11-2021,,25-04-2022,60,92,747
Otcom,Horizontal grid-enabled intranet,09-02-2022,,27-04-2022,15,0,161
Veribet,Inverse fault-tolerant process improvement,13-01-2022,,23-10-2021,18,91,441
Fix San,Face to face neutral hierarchy,23-01-2022,,18-12-2021,57,36,540
Y-find,Ameliorated local pricing structure,23-08-2022,,18-08-2022,30,38,368
Lotlux,Proactive human-resource hierarchy,26-05-2022,,10-05-2022,96,45,175
Fixflex,Up-sized local emulation,08-06-2022,,30-05-2022,96,9,797
Daltfresh,Universal eco-centric hierarchy,23-10-2021,,10-09-2022,59,19,847
Treeflex,Up-sized intangible architecture,05-01-2022,,17-10-2021,33,10,516
Job,Devolved grid-enabled frame,28-11-2021,,13-11-2021,65,48,971
Daltfresh,Integrated disintermediate superstructure,08-02-2022,,30-11-2021,33,73,4
Wrapsafe,Grass-roots intermediate capability,19-10-2021,,22-03-2022,6,59,726
Sonair,Enterprise-wide fault-tolerant concept,22-04-2022,,03-03-2022,54,93,330
Veribet,Automated mobile policy,08-04-2022,,04-10-2021,73,20,443
Gembucket,Business-focused exuding collaboration,13-10-2021,,17-02-2022,3,22,901
Zaam-Dox,Focused client-driven budgetary management,05-09-2022,,03-05-2022,87,45,859
Cookley,Compatible fault-tolerant frame,03-05-2022,,04-02-2022,20,98,238
Fixflex,Phased intermediate matrices,12-08-2022,,03-08-2022,52,13,107
Stim,Upgradable transitional access,28-06-2022,,22-02-2022,53,16,25
Stronghold,Ergonomic neutral standardization,19-01-2022,,17-11-2021,98,100,243
Konklab,Switchable optimizing internet solution,05-10-2021,,21-08-2022,65,98,446
Regrant,Optimized zero tolerance open architecture,16-01-2022,,02-11-2021,62,22,191
Subin,Operative exuding hardware,11-12-2021,,17-09-2021,2,86,813
Stim,Implemented cohesive moratorium,14-08-2022,,24-01-2022,69,16,666
Y-find,Persistent executive parallelism,06-10-2021,,16-03-2022,67,86,762
Biodex,Monitored dynamic intranet,13-09-2022,,05-12-2021,70,26,268
Cookley,Open-architected system-worthy circuit,26-07-2022,,04-11-2021,44,57,37
Andalax,Secured tertiary local area network,14-08-2022,,16-12-2021,64,89,127
Sub-Ex,Cross-group clear-thinking function,12-06-2022,,14-07-2022,90,18,497
Gembucket,Enhanced transitional secured line,05-02-2022,,04-01-2022,54,16,826
Bitchip,Customer-focused human-resource hierarchy,15-06-2022,,07-05-2022,47,90,478
Fix San,Business-focused content-based artificial intelligence,10-01-2022,,12-12-2021,3,20,176
Viva,Centralized 4th generation project,19-11-2021,,14-02-2022,64,55,68
Lotstring,Profound uniform matrices,08-09-2022,,02-07-2022,27,97,991
Trippledex,Object-based foreground neural-net,03-04-2022,,06-06-2022,51,74,123
Voltsillam,Cloned upward-trending matrices,29-06-2022,,07-08-2022,48,55,246
Veribet,Integrated tangible knowledge user,13-01-2022,,27-12-2021,9,93,862
Zathin,Networked 4th generation groupware,21-10-2021,,29-10-2021,37,23,915
Holdlamis,Exclusive uniform local area network,10-07-2022,,09-11-2021,58,56,976
Alphazap,Phased modular hardware,29-11-2021,,19-03-2022,94,53,682
Subin,Business-focused maximized application,11-06-2022,,28-02-2022,94,81,136
Y-Solowarm,Universal interactive orchestration,31-12-2021,,23-03-2022,67,96,91
Tampflex,Organized next generation circuit,10-12-2021,,14-10-2021,34,10,429
Opela,Advanced 5th generation info-mediaries,24-05-2022,,09-11-2021,92,12,239
Sub-Ex,Cloned heuristic function,26-03-2022,,21-10-2021,65,23,980
Tres-Zap,Vision-oriented analyzing extranet,08-09-2022,,27-03-2022,87,55,741
Tempsoft,Profit-focused global database,29-08-2022,,25-11-2021,46,87,590
Overhold,Organic analyzing toolset,03-08-2022,,04-11-2021,87,100,102
Duobam,Total clear-thinking data-warehouse,23-06-2022,,01-07-2022,95,2,922
Sub-Ex,Synergized encompassing initiative,06-10-2021,,24-11-2021,40,73,738
Home Ing,Open-source mobile projection,15-09-2022,,28-06-2022,72,46,575
Voyatouch,Realigned bandwidth-monitored archive,26-03-2022,,07-07-2022,71,8,112
Sub-Ex,Quality-focused logistical hub,30-11-2021,,07-03-2022,54,70,647
Mat Lam Tam,Open-architected cohesive secured line,02-09-2022,,26-11-2021,72,31,842
Prodder,Organized client-server flexibility,20-05-2022,,10-04-2022,80,22,548
Rank,Balanced optimal Graphical User Interface,31-03-2022,,21-08-2022,22,18,736
Bamity,Horizontal cohesive functionalities,18-04-2022,,19-01-2022,1,77,626
Duobam,Cloned needs-based emulation,14-07-2022,,12-04-2022,31,89,243
Tampflex,User-centric uniform hub,02-01-2022,,27-12-2021,97,21,52
Temp,Triple-buffered bottom-line utilisation,16-11-2021,,28-10-2021,13,86,993
Cardguard,Synergized responsive benchmark,01-10-2021,,13-03-2022,31,49,106
Flowdesk,User-centric static process improvement,21-05-2022,,10-10-2021,66,81,704
Tempsoft,Face to face secondary array,08-03-2022,,06-06-2022,68,30,862
Stronghold,Down-sized non-volatile process improvement,29-03-2022,,20-11-2021,74,65,125
Konklux,Optional discrete initiative,21-06-2022,,08-08-2022,30,94,310
Bytecard,Proactive optimal software,24-08-2022,,06-08-2022,51,39,280
Bytecard,Monitored systemic budgetary management,17-07-2022,,24-01-2022,71,6,107
Opela,Virtual hybrid concept,21-12-2021,,30-04-2022,40,76,696
Zoolab,Reactive discrete utilisation,05-03-2022,,26-09-2021,74,98,996
Tempsoft,Balanced methodical matrices,12-02-2022,,10-04-2022,13,10,591
Temp,Organic asynchronous architecture,08-12-2021,,15-04-2022,77,73,89
Stringtough,Sharable next generation archive,13-06-2022,,20-05-2022,6,65,37
Opela,Open-source hybrid algorithm,23-09-2021,,16-12-2021,21,35,373
Duobam,Devolved composite infrastructure,28-07-2022,,27-08-2022,71,12,306
Alpha,Cloned executive productivity,15-11-2021,,17-09-2021,63,17,429
Bigtax,Customizable directional frame,31-05-2022,,25-02-2022,78,14,931
Cookley,Switchable even-keeled customer loyalty,29-01-2022,,18-10-2021,27,53,962
Bytecard,Assimilated local Graphic Interface,08-09-2022,,30-11-2021,80,85,888
Matsoft,Re-engineered needs-based knowledge base,13-04-2022,,04-07-2022,19,82,597
Keylex,Inverse attitude-oriented customer loyalty,08-05-2022,,29-11-2021,92,74,207
Sonair,Optimized logistical strategy,21-05-2022,,31-01-2022,5,29,165
Veribet,Programmable uniform implementation,26-07-2022,,17-11-2021,77,92,457
Tresom,Intuitive secondary intranet,29-03-2022,,11-01-2022,68,18,448
Tin,Balanced foreground throughput,26-09-2021,,13-11-2021,59,13,287
Y-find,Synchronised 5th generation capability,30-10-2021,,28-10-2021,97,43,158
Keylex,Versatile incremental pricing structure,14-04-2022,,09-04-2022,13,58,14
Zontrax,Programmable holistic challenge,01-09-2022,,23-07-2022,48,31,230
Matsoft,Open-architected bi-directional definition,08-02-2022,,08-09-2022,21,95,340
Zoolab,Digitized asymmetric utilisation,01-07-2022,,22-06-2022,70,36,697
Y-find,Object-based exuding strategy,09-12-2021,,18-01-2022,72,17,386
Y-find,Progressive composite approach,19-03-2022,,23-11-2021,15,42,274
Latlux,Progressive secondary local area network,27-10-2021,,28-08-2022,63,59,434
Temp,Synergistic real-time algorithm,04-10-2021,,16-06-2022,32,83,79
Konklux,Synergistic regional success,12-04-2022,,15-06-2022,28,27,763
Toughjoyfax,Grass-roots client-driven local area network,01-10-2021,,31-08-2022,34,50,62
Tres-Zap,Horizontal context-sensitive software,16-04-2022,,17-07-2022,55,70,413
Daltfresh,Proactive radical project,24-06-2022,,21-04-2022,44,32,743
Bytecard,Upgradable foreground info-mediaries,12-09-2022,,28-02-2022,65,40,590
Y-Solowarm,Self-enabling composite groupware,08-07-2022,,29-04-2022,82,41,59
Fixflex,Enterprise-wide foreground capacity,11-01-2022,,14-07-2022,44,62,759
Bitchip,Reduced eco-centric core,29-01-2022,,22-03-2022,21,88,217
Greenlam,Centralized scalable contingency,05-01-2022,,31-05-2022,76,68,784
Pannier,Up-sized 5th generation encryption,26-09-2021,,11-05-2022,22,22,58
Fintone,Programmable eco-centric forecast,26-10-2021,,07-02-2022,54,67,777
Fintone,Grass-roots methodical interface,03-11-2021,,05-07-2022,67,100,691
Namfix,Multi-layered impactful matrix,30-09-2021,,18-08-2022,64,85,661
Tresom,Mandatory heuristic interface,04-10-2021,,14-01-2022,52,88,956
Biodex,Networked transitional model,18-12-2021,,26-03-2022,15,7,605
Domainer,Innovative user-facing internet solution,21-12-2021,,19-08-2022,91,90,643
Zamit,Grass-roots zero administration adapter,23-10-2021,,04-11-2021,59,48,538
Veribet,Reverse-engineered scalable adapter,31-05-2022,,23-07-2022,66,89,919
Fix San,Future-proofed zero tolerance concept,16-04-2022,,05-04-2022,44,86,115
Ronstring,Multi-tiered foreground superstructure,30-03-2022,,15-03-2022,95,8,920
Greenlam,Inverse 24 hour encoding,15-09-2022,,22-10-2021,53,55,536
Pannier,Inverse dedicated support,24-10-2021,,03-08-2022,42,32,291
Cardguard,Expanded analyzing intranet,13-04-2022,,15-10-2021,83,90,415
It,Programmable national collaboration,31-03-2022,,18-07-2022,46,99,225
Fintone,Upgradable client-driven circuit,17-11-2021,,30-06-2022,31,36,33
Zontrax,Phased composite product,27-12-2021,,21-05-2022,48,55,605
Stronghold,Enterprise-wide regional definition,27-08-2022,,30-05-2022,43,1,374
Ronstring,Digitized fresh-thinking structure,10-08-2022,,17-05-2022,71,52,619
Prodder,Realigned systemic core,30-06-2022,,08-03-2022,19,64,292
Stim,Balanced radical pricing structure,10-01-2022,,12-09-2022,22,31,254
Y-Solowarm,Re-contextualized didactic orchestration,05-05-2022,,26-02-2022,86,36,975
Treeflex,Multi-tiered impactful Graphical User Interface,05-05-2022,,01-11-2021,41,48,487
Cardguard,Total asynchronous challenge,21-03-2022,,30-12-2021,63,1,687
Asoka,Configurable secondary customer loyalty,15-10-2021,,08-04-2022,86,78,334
Viva,Diverse needs-based circuit,08-03-2022,,13-03-2022,61,34,281
Bamity,Public-key disintermediate array,28-04-2022,,27-04-2022,51,83,690
Temp,Organic explicit analyzer,04-07-2022,,23-12-2021,41,20,794
Bigtax,Enhanced 3rd generation support,14-07-2022,,28-08-2022,94,79,627
Tampflex,Open-source foreground hardware,02-06-2022,,16-02-2022,10,87,196
Fixflex,Virtual optimal database,14-07-2022,,15-03-2022,20,42,271
Konklab,Streamlined executive superstructure,23-12-2021,,07-06-2022,66,24,685
Tin,Optional methodical migration,02-09-2022,,25-05-2022,31,43,172
Cookley,Re-contextualized intermediate system engine,27-04-2022,,16-01-2022,25,64,44
Trippledex,Total client-server instruction set,29-01-2022,,15-08-2022,85,15,51
Stringtough,Advanced responsive local area network,22-10-2021,,23-08-2022,57,10,143
Zamit,Ameliorated didactic benchmark,16-07-2022,,24-07-2022,17,21,876
Gembucket,Enhanced homogeneous help-desk,27-08-2022,,06-04-2022,48,51,802
Zamit,Cross-platform discrete core,15-10-2021,,23-09-2021,9,31,136
Zamit,Triple-buffered directional synergy,25-05-2022,,26-07-2022,94,75,787
Bigtax,Streamlined client-driven groupware,08-05-2022,,01-12-2021,94,54,656
Andalax,Diverse intermediate synergy,27-10-2021,,27-10-2021,22,27,800
Sonair,Visionary analyzing migration,03-08-2022,,08-10-2021,14,86,988
Tin,Compatible leading edge superstructure,22-01-2022,,04-07-2022,2,89,486
Opela,Exclusive 3rd generation collaboration,01-11-2021,,25-07-2022,86,49,294
Voyatouch,Extended coherent flexibility,15-09-2022,,15-07-2022,36,18,960
Transcof,User-centric regional secured line,24-10-2021,,05-04-2022,73,18,921
Tresom,Balanced real-time utilisation,21-12-2021,,24-01-2022,6,83,290
Lotstring,Expanded human-resource service-desk,14-10-2021,,17-04-2022,45,7,160
Flexidy,Synergistic encompassing middleware,29-03-2022,,20-03-2022,2,11,311
Fix San,Customizable homogeneous moratorium,19-03-2022,,17-09-2021,30,94,637
Y-Solowarm,Cloned high-level pricing structure,25-03-2022,,18-02-2022,3,91,655
Cardify,Advanced content-based installation,17-04-2022,,14-12-2021,60,28,436
Zathin,Inverse non-volatile framework,05-12-2021,,09-04-2022,59,84,238
Prodder,Operative full-range toolset,30-09-2021,,20-10-2021,71,70,648
Kanlam,Mandatory 3rd generation knowledge user,11-06-2022,,18-02-2022,90,50,771
Matsoft,Distributed optimizing portal,14-12-2021,,18-09-2021,64,64,18
Flowdesk,Pre-emptive intermediate workforce,27-02-2022,,16-04-2022,17,42,394
Greenlam,User-centric regional model,03-12-2021,,27-11-2021,2,86,843
Ronstring,Vision-oriented dynamic attitude,24-02-2022,,02-04-2022,69,3,646
Gembucket,Grass-roots exuding workforce,08-05-2022,,23-05-2022,22,81,94
Viva,Optimized asymmetric neural-net,19-12-2021,,21-08-2022,100,91,622
Otcom,Managed heuristic task-force,15-07-2022,,17-10-2021,68,26,484
Transcof,Pre-emptive background encoding,27-09-2021,,15-04-2022,23,88,625
Sonair,Synergistic leading edge policy,13-01-2022,,15-06-2022,6,99,442
Ronstring,Focused national budgetary management,28-09-2021,,25-10-2021,28,61,86
Greenlam,Open-source exuding service-desk,04-03-2022,,08-12-2021,69,17,430
Tampflex,Seamless maximized moratorium,20-03-2022,,01-06-2022,25,95,964
Bitchip,Centralized multi-state extranet,17-01-2022,,20-09-2021,95,85,465
Bamity,Synergistic asynchronous conglomeration,26-03-2022,,22-09-2021,22,22,399
Bitchip,Monitored fresh-thinking functionalities,01-08-2022,,08-09-2022,91,60,752
Andalax,Mandatory methodical adapter,09-02-2022,,10-08-2022,8,10,411
Redhold,Progressive secondary synergy,09-07-2022,,25-01-2022,97,33,654
Sub-Ex,Up-sized foreground interface,12-04-2022,,04-10-2021,62,2,59
Sonsing,Up-sized eco-centric frame,04-04-2022,,03-08-2022,81,33,782
Zoolab,Down-sized mission-critical process improvement,16-02-2022,,17-07-2022,53,51,918
Biodex,Exclusive 24/7 archive,03-02-2022,,25-01-2022,71,53,284
Fix San,Function-based empowering model,06-11-2021,,24-09-2021,62,63,577
Greenlam,Customer-focused 6th generation toolset,25-11-2021,,02-09-2022,60,96,123
Daltfresh,Distributed even-keeled leverage,08-03-2022,,28-11-2021,97,44,701
Y-Solowarm,Exclusive human-resource local area network,06-03-2022,,21-05-2022,73,0,950
Transcof,Diverse client-server local area network,28-10-2021,,05-09-2022,35,92,622
Overhold,Multi-channelled non-volatile synergy,29-04-2022,,28-06-2022,70,96,622
Holdlamis,Fundamental dedicated policy,02-06-2022,,11-10-2021,87,81,936
Opela,Vision-oriented intermediate protocol,11-11-2021,,03-04-2022,17,44,30
Bamity,Pre-emptive leading edge time-frame,27-09-2021,,26-09-2021,83,54,66
Fixflex,Pre-emptive foreground architecture,23-06-2022,,18-05-2022,59,61,371
Konklab,Customer-focused neutral orchestration,10-12-2021,,14-08-2022,99,39,845
Mat Lam Tam,Sharable encompassing methodology,29-06-2022,,02-04-2022,93,17,674
Hatity,Function-based foreground moratorium,22-12-2021,,21-12-2021,57,41,728
Y-find,Operative object-oriented adapter,23-05-2022,,17-02-2022,75,66,432
Keylex,Future-proofed client-server secured line,01-05-2022,,18-10-2021,81,82,210
Fintone,Expanded upward-trending methodology,18-03-2022,,09-05-2022,8,57,678
Lotlux,Versatile dedicated Graphic Interface,30-07-2022,,14-07-2022,14,72,686
Toughjoyfax,Horizontal grid-enabled extranet,20-02-2022,,25-12-2021,90,96,421
Overhold,Self-enabling 3rd generation open architecture,02-05-2022,,10-12-2021,58,88,63
Rank,Cloned clear-thinking Graphic Interface,05-02-2022,,07-03-2022,6,86,288
Fix San,Multi-lateral maximized definition,26-11-2021,,17-12-2021,59,45,850
Asoka,Front-line user-facing definition,19-10-2021,,29-09-2021,32,63,951
Tin,Mandatory discrete analyzer,13-05-2022,,25-03-2022,16,54,544
Kanlam,Customer-focused fresh-thinking product,14-09-2022,,30-06-2022,29,98,747
Trippledex,Expanded regional superstructure,24-05-2022,,12-09-2022,61,47,379
Home Ing,Distributed zero administration ability,02-07-2022,,22-01-2022,17,97,940
Bitwolf,Cross-group bi-directional concept,07-09-2022,,06-06-2022,52,48,957
Cardguard,Reduced discrete monitoring,22-10-2021,,27-08-2022,48,26,757
Subin,Devolved mobile ability,30-01-2022,,28-02-2022,51,14,262
Treeflex,Enhanced zero administration groupware,10-06-2022,,25-05-2022,81,90,651
Transcof,Open-source web-enabled time-frame,27-10-2021,,11-08-2022,36,91,768
Duobam,Balanced motivating migration,16-08-2022,,14-12-2021,78,44,260
Zoolab,Adaptive exuding budgetary management,04-02-2022,,18-04-2022,44,16,476
Cardify,Expanded solution-oriented leverage,26-11-2021,,03-03-2022,71,60,228
Fixflex,Customizable bottom-line approach,06-04-2022,,10-12-2021,12,90,6
Temp,Centralized zero defect policy,24-03-2022,,18-07-2022,82,8,705
Stim,Diverse user-facing hardware,22-03-2022,,19-03-2022,61,1,537
Alpha,Re-engineered even-keeled info-mediaries,29-12-2021,,28-10-2021,8,34,211
Trippledex,Switchable system-worthy application,11-12-2021,,23-12-2021,76,46,832
Tempsoft,Assimilated foreground orchestration,11-08-2022,,15-10-2021,78,1,389
Aerified,Optimized multimedia productivity,21-01-2022,,05-03-2022,23,67,64
Latlux,Diverse reciprocal algorithm,11-10-2021,,04-01-2022,17,65,75
Job,Pre-emptive clear-thinking array,19-09-2021,,13-10-2021,63,35,956
Voltsillam,Virtual impactful open architecture,25-03-2022,,18-02-2022,1,49,598
Flexidy,De-engineered uniform migration,28-07-2022,,17-01-2022,8,19,159
Y-Solowarm,Robust 4th generation implementation,18-04-2022,,26-04-2022,89,99,645
Rank,Re-engineered user-facing open system,13-05-2022,,02-08-2022,76,4,88
Fintone,Devolved disintermediate firmware,24-08-2022,,04-12-2021,34,100,895
Keylex,Extended encompassing array,02-09-2022,,05-04-2022,18,93,569
Keylex,Integrated multimedia pricing structure,07-12-2021,,09-09-2022,96,74,556
Viva,Quality-focused bifurcated strategy,24-08-2022,,04-08-2022,76,46,511
Overhold,Digitized object-oriented archive,27-10-2021,,22-02-2022,19,22,539
Stim,Organized client-driven model,07-08-2022,,19-04-2022,48,42,126
Wrapsafe,Reverse-engineered zero administration matrix,13-12-2021,,26-02-2022,65,59,57
Lotlux,Profound 6th generation methodology,24-10-2021,,27-02-2022,58,74,498
Aerified,Centralized asymmetric approach,28-09-2021,,26-08-2022,100,19,140
Fix San,Automated 6th generation application,28-08-2022,,27-06-2022,22,3,970
Hatity,Team-oriented mobile capability,08-09-2022,,18-11-2021,31,66,253
Bytecard,Cross-group client-driven intranet,06-03-2022,,19-01-2022,29,20,864
Bitchip,Synchronised cohesive function,08-05-2022,,17-03-2022,55,45,744
Regrant,Realigned 24/7 portal,20-04-2022,,08-09-2022,33,20,888
Fixflex,Total scalable synergy,15-10-2021,,24-05-2022,73,76,775
Gembucket,Switchable upward-trending software,10-09-2022,,05-03-2022,29,71,873
Keylex,Profound bifurcated forecast,20-03-2022,,21-04-2022,68,84,867
Sonair,Advanced real-time database,04-04-2022,,26-01-2022,41,89,727
Tresom,Optional exuding structure,06-02-2022,,26-03-2022,12,90,375
Y-Solowarm,Balanced even-keeled knowledge user,15-10-2021,,21-09-2021,100,82,260
Sonsing,Programmable bandwidth-monitored analyzer,02-01-2022,,24-05-2022,33,44,876
Bytecard,Progressive exuding customer loyalty,12-11-2021,,29-12-2021,31,2,371
Biodex,Ameliorated didactic architecture,03-10-2021,,18-03-2022,0,23,972
Kanlam,Synergistic contextually-based superstructure,08-01-2022,,17-09-2021,84,0,978
Domainer,Multi-channelled leading edge customer loyalty,02-06-2022,,25-06-2022,93,1,469
Domainer,Versatile impactful hardware,05-09-2022,,12-07-2022,28,51,782
Hatity,Self-enabling analyzing installation,11-04-2022,,12-05-2022,42,35,933
Bytecard,Re-engineered 4th generation core,28-11-2021,,16-09-2021,23,87,833
Treeflex,Virtual leading edge flexibility,01-03-2022,,02-11-2021,18,5,219
Toughjoyfax,Multi-tiered user-facing solution,12-01-2022,,02-04-2022,99,59,302
Sub-Ex,Focused maximized moderator,02-06-2022,,27-01-2022,69,44,595
Zontrax,Visionary real-time capability,09-05-2022,,19-05-2022,30,26,103
Latlux,Seamless multimedia website,03-02-2022,,08-08-2022,14,90,922
Kanlam,De-engineered responsive secured line,13-09-2022,,03-09-2022,70,29,167
Biodex,Fundamental responsive info-mediaries,07-11-2021,,17-11-2021,5,26,383
Vagram,Reverse-engineered radical hierarchy,08-01-2022,,03-08-2022,73,4,984
Domainer,Adaptive real-time flexibility,04-02-2022,,12-06-2022,34,69,710
It,Advanced local artificial intelligence,20-07-2022,,23-05-2022,5,79,888
Latlux,Multi-channelled contextually-based application,10-05-2022,,09-10-2021,51,80,403
Cardguard,Universal discrete leverage,02-03-2022,,02-09-2022,18,85,931
Y-Solowarm,Realigned full-range firmware,06-09-2022,,08-08-2022,2,90,278
Quo Lux,Enterprise-wide 3rd generation neural-net,28-10-2021,,30-06-2022,66,67,326
Subin,Realigned demand-driven functionalities,25-04-2022,,28-09-2021,36,83,118
Flexidy,Cloned zero tolerance hardware,21-06-2022,,15-08-2022,19,27,859
Stringtough,Fundamental multi-state emulation,05-02-2022,,07-04-2022,77,96,510
Fintone,Decentralized intermediate firmware,26-04-2022,,14-06-2022,77,92,985
Matsoft,Pre-emptive bi-directional forecast,17-11-2021,,24-08-2022,13,58,372
Sonsing,Quality-focused bifurcated success,04-03-2022,,17-12-2021,10,49,956
Sonair,Total modular hardware,10-08-2022,,13-01-2022,48,64,360
Latlux,Decentralized asynchronous knowledge user,23-02-2022,,18-01-2022,1,74,627
Sonsing,Multi-layered even-keeled strategy,15-05-2022,,14-01-2022,10,31,915
Bitwolf,Virtual value-added policy,30-04-2022,,29-03-2022,87,88,831
Tampflex,Optional reciprocal utilisation,22-05-2022,,05-02-2022,59,89,170
Tres-Zap,Profit-focused scalable collaboration,05-09-2022,,24-04-2022,3,98,373
Solarbreeze,Profound composite moderator,28-12-2021,,26-06-2022,4,93,303
Stim,Adaptive encompassing utilisation,14-06-2022,,27-08-2022,6,13,44
Aerified,Automated intermediate collaboration,28-04-2022,,28-07-2022,2,43,980
Mat Lam Tam,Down-sized executive policy,26-12-2021,,28-09-2021,59,56,519
Tempsoft,Implemented bandwidth-monitored core,11-01-2022,,17-04-2022,17,14,108
Cardify,Polarised multimedia hierarchy,16-07-2022,,03-10-2021,96,61,329
Greenlam,Front-line next generation Graphical User Interface,20-09-2021,,25-10-2021,93,91,747
Home Ing,Customer-focused discrete local area network,27-04-2022,,16-09-2021,11,95,821
Sub-Ex,Expanded optimal info-mediaries,05-12-2021,,22-06-2022,66,50,886
Opela,Vision-oriented scalable project,30-06-2022,,09-03-2022,31,45,374
Matsoft,Multi-layered static installation,12-12-2021,,27-11-2021,57,5,964
Ronstring,Horizontal non-volatile function,03-05-2022,,04-10-2021,62,22,52
Redhold,Self-enabling incremental knowledge user,17-03-2022,,23-06-2022,90,42,335
Aerified,Fully-configurable system-worthy migration,10-01-2022,,02-03-2022,50,35,914
Bitchip,Managed 4th generation portal,02-02-2022,,27-10-2021,28,18,19
Lotlux,Profit-focused fault-tolerant flexibility,09-04-2022,,16-12-2021,28,16,54
Keylex,Diverse reciprocal project,12-10-2021,,01-05-2022,89,1,761
Rank,User-centric methodical solution,09-11-2021,,22-04-2022,0,19,881
Greenlam,Streamlined asynchronous challenge,25-07-2022,,12-05-2022,63,5,340
Lotstring,Down-sized context-sensitive strategy,05-09-2022,,19-07-2022,50,66,838
Keylex,Reactive local array,27-02-2022,,05-12-2021,44,54,708
Quo Lux,Versatile exuding complexity,10-01-2022,,14-05-2022,42,17,892
Bamity,Synergized next generation benchmark,18-06-2022,,09-03-2022,67,59,968
Domainer,Diverse optimizing toolset,12-08-2022,,16-07-2022,56,89,924
Tres-Zap,Team-oriented modular approach,01-04-2022,,06-11-2021,97,10,444
Redhold,Polarised user-facing firmware,14-07-2022,,21-12-2021,75,66,909
Tempsoft,Team-oriented empowering middleware,27-12-2021,,28-07-2022,57,58,501
Fintone,Enhanced multi-state implementation,30-08-2022,,27-04-2022,38,7,3
Trippledex,Balanced mission-critical analyzer,01-11-2021,,16-09-2021,13,47,794
Duobam,Persistent bi-directional array,24-01-2022,,07-06-2022,38,24,62
Fixflex,Right-sized bi-directional internet solution,24-01-2022,,19-09-2021,95,72,468
Gembucket,Profit-focused mobile archive,14-08-2022,,06-08-2022,1,83,467
Overhold,Advanced leading edge model,25-02-2022,,04-12-2021,14,46,979
Keylex,Secured real-time middleware,30-04-2022,,19-03-2022,70,40,115
Treeflex,Universal even-keeled toolset,29-09-2021,,06-04-2022,17,19,839
Fixflex,Business-focused real-time hub,31-07-2022,,06-04-2022,53,51,760
Lotstring,Optimized grid-enabled extranet,13-06-2022,,19-05-2022,45,52,975
Job,Programmable 5th generation open architecture,23-02-2022,,19-12-2021,7,21,221
Redhold,Assimilated 24 hour hub,21-04-2022,,01-11-2021,45,21,2
Vagram,Function-based executive website,02-05-2022,,15-12-2021,52,86,482
Kanlam,Customizable asymmetric methodology,04-04-2022,,10-07-2022,10,46,173
Tres-Zap,Adaptive methodical conglomeration,15-10-2021,,24-08-2022,83,73,916
Zaam-Dox,Cross-group interactive hub,16-11-2021,,24-02-2022,40,30,284
Fix San,Advanced 6th generation productivity,28-11-2021,,07-03-2022,20,100,199
Duobam,Adaptive dynamic infrastructure,02-03-2022,,28-02-2022,15,57,529
Lotlux,Organized zero administration matrix,26-11-2021,,13-04-2022,69,5,778
Cardguard,Configurable global task-force,05-09-2022,,17-12-2021,24,93,438
Sonair,Horizontal 6th generation installation,26-09-2021,,30-01-2022,16,93,314
Cardify,Open-source cohesive open architecture,25-07-2022,,19-10-2021,2,11,117
Voltsillam,Cloned tertiary capability,07-12-2021,,13-09-2022,45,25,91
Latlux,Vision-oriented value-added database,24-10-2021,,18-09-2021,83,86,587
Prodder,Multi-tiered secondary hierarchy,26-10-2021,,30-09-2021,81,73,902
Sub-Ex,Progressive demand-driven instruction set,14-08-2022,,22-08-2022,9,93,457
Zaam-Dox,Extended zero tolerance support,14-12-2021,,01-05-2022,27,58,616
Subin,Optimized impactful forecast,24-03-2022,,05-11-2021,92,49,363
Wrapsafe,Reverse-engineered upward-trending open architecture,10-03-2022,,24-07-2022,86,39,598
Tresom,Multi-layered coherent infrastructure,18-03-2022,,02-01-2022,9,49,212
Konklux,Multi-layered regional Graphical User Interface,12-07-2022,,01-05-2022,29,38,890
Fixflex,Horizontal client-driven projection,09-01-2022,,28-08-2022,63,51,161
Job,Enterprise-wide neutral matrix,14-07-2022,,13-12-2021,75,82,264
Ventosanzap,Multi-channelled systematic database,05-07-2022,,02-10-2021,91,23,790
Y-find,Self-enabling dedicated superstructure,28-02-2022,,17-05-2022,29,83,295
Tin,Inverse user-facing workforce,25-03-2022,,23-06-2022,25,82,962
Y-Solowarm,Intuitive object-oriented adapter,22-01-2022,,08-04-2022,83,65,994
Daltfresh,Synergistic empowering adapter,04-05-2022,,06-04-2022,1,81,932
Zontrax,User-friendly local archive,27-04-2022,,11-09-2022,73,38,649
Transcof,Multi-layered high-level parallelism,26-09-2021,,03-02-2022,0,91,8
Stronghold,Inverse well-modulated alliance,02-02-2022,,10-06-2022,41,40,744
Rank,Fundamental executive product,15-12-2021,,18-09-2021,32,20,998
Y-Solowarm,Open-source scalable concept,07-09-2022,,13-04-2022,82,19,157
Lotstring,Organic 3rd generation focus group,19-02-2022,,26-06-2022,14,51,359
Lotstring,Realigned systematic Graphical User Interface,13-12-2021,,21-09-2021,42,26,149
Zontrax,Ergonomic bi-directional middleware,30-04-2022,,30-01-2022,19,52,268
Sub-Ex,Fundamental context-sensitive Graphical User Interface,23-06-2022,,18-02-2022,64,41,583
Bytecard,Innovative transitional collaboration,16-06-2022,,15-06-2022,29,47,456
Tampflex,Customer-focused upward-trending approach,24-07-2022,,17-02-2022,55,30,732
Zamit,Profound asynchronous orchestration,09-03-2022,,12-02-2022,8,54,573
Sonsing,Optimized multi-state implementation,14-03-2022,,16-06-2022,34,92,548
Solarbreeze,Horizontal systemic benchmark,12-11-2021,,20-03-2022,96,59,510
Zoolab,Future-proofed upward-trending portal,17-10-2021,,03-01-2022,84,46,993
Vagram,Face to face 6th generation flexibility,08-04-2022,,17-01-2022,41,29,576
Latlux,Enterprise-wide needs-based paradigm,25-10-2021,,22-01-2022,81,96,648
Tin,Realigned regional matrices,10-04-2022,,25-01-2022,16,53,469
Konklux,Enhanced context-sensitive methodology,16-11-2021,,28-03-2022,41,72,859
Regrant,Realigned tangible core,30-08-2022,,08-09-2022,45,36,622
Vagram,Compatible interactive success,13-03-2022,,26-10-2021,38,94,632
Tempsoft,Realigned executive approach,11-12-2021,,26-01-2022,70,73,611
Tres-Zap,Networked contextually-based application,04-06-2022,,05-06-2022,68,32,150
Y-Solowarm,User-centric tangible contingency,02-01-2022,,21-12-2021,32,15,277
Zoolab,Seamless fresh-thinking methodology,11-07-2022,,15-05-2022,100,97,638
Flowdesk,Public-key 4th generation throughput,21-05-2022,,09-05-2022,35,8,291
Bytecard,Stand-alone 24 hour project,08-06-2022,,02-10-2021,29,63,635
Wrapsafe,Stand-alone fresh-thinking customer loyalty,15-09-2022,,24-10-2021,43,32,996
Bytecard,Enterprise-wide non-volatile conglomeration,07-03-2022,,21-04-2022,2,93,670
Viva,User-centric fresh-thinking adapter,14-07-2022,,08-03-2022,31,9,158
Voltsillam,Open-architected secondary hub,05-11-2021,,19-02-2022,41,45,329
Y-find,Open-source neutral contingency,03-03-2022,,08-06-2022,19,41,12
Lotlux,Centralized background emulation,07-11-2021,,12-01-2022,14,38,148
Biodex,Open-source impactful time-frame,08-11-2021,,23-02-2022,33,90,917
Kanlam,Synergized zero tolerance array,02-12-2021,,28-11-2021,73,16,477
Span,Optimized needs-based interface,06-05-2022,,30-06-2022,63,27,705
Voltsillam,Face to face dynamic synergy,31-01-2022,,07-11-2021,57,63,726
Zaam-Dox,Open-architected leading edge emulation,09-09-2022,,06-11-2021,30,88,503
Hatity,Public-key dynamic initiative,10-02-2022,,16-06-2022,33,62,277
Zontrax,Robust systematic utilisation,07-10-2021,,01-06-2022,90,97,203
Wrapsafe,Cross-platform user-facing strategy,02-02-2022,,30-08-2022,90,2,266
Y-find,Total bottom-line moderator,22-05-2022,,21-10-2021,26,3,158
Ronstring,Synergized logistical conglomeration,17-07-2022,,28-05-2022,30,81,970
Toughjoyfax,Implemented well-modulated migration,15-08-2022,,06-02-2022,45,86,855
Solarbreeze,Organized asymmetric approach,06-01-2022,,30-10-2021,14,46,191
Sonsing,Future-proofed global open architecture,27-03-2022,,08-08-2022,81,54,490
Bigtax,Re-contextualized executive core,27-03-2022,,13-02-2022,36,80,316
Sonsing,Future-proofed logistical success,29-09-2021,,08-08-2022,86,16,992
It,Synchronised 24/7 portal,15-03-2022,,17-05-2022,26,77,72
Trippledex,Cloned heuristic groupware,11-07-2022,,20-01-2022,20,100,860
Regrant,Decentralized even-keeled moderator,14-08-2022,,08-06-2022,72,10,868
It,Reactive national projection,13-01-2022,,04-06-2022,35,61,335
Duobam,Cross-platform incremental interface,26-08-2022,,03-01-2022,15,67,158
Home Ing,Stand-alone encompassing neural-net,27-08-2022,,18-06-2022,42,6,935
Hatity,Synchronised tangible focus group,01-03-2022,,07-09-2022,14,38,667
Transcof,Up-sized dedicated approach,09-01-2022,,05-08-2022,54,47,340
Stronghold,Self-enabling scalable open system,19-05-2022,,02-10-2021,35,52,102
Span,Distributed scalable benchmark,20-05-2022,,19-12-2021,20,100,56
Redhold,Profit-focused executive algorithm,26-05-2022,,19-02-2022,16,16,756
Gembucket,Balanced 6th generation paradigm,25-05-2022,,25-06-2022,39,99,62
Sub-Ex,Customizable tertiary core,02-07-2022,,23-06-2022,0,33,466
Veribet,Configurable upward-trending functionalities,11-05-2022,,06-03-2022,39,91,120
Job,Programmable discrete application,10-11-2021,,21-12-2021,23,88,270
Biodex,Face to face hybrid orchestration,11-05-2022,,07-07-2022,93,75,629
Andalax,Streamlined bandwidth-monitored infrastructure,12-04-2022,,03-04-2022,40,13,834
Cardguard,Assimilated mission-critical task-force,30-04-2022,,12-11-2021,60,51,44
Konklab,Reactive bi-directional utilisation,05-09-2022,,27-09-2021,91,47,371
Veribet,Cross-group uniform secured line,14-12-2021,,06-08-2022,74,24,199
Ronstring,Decentralized local collaboration,13-02-2022,,10-10-2021,24,100,257
Duobam,Ameliorated empowering parallelism,21-12-2021,,13-06-2022,68,70,307
Lotlux,Organized eco-centric productivity,18-09-2021,,17-03-2022,12,17,613
Flexidy,Diverse intangible internet solution,23-06-2022,,09-11-2021,13,41,915
Lotstring,Self-enabling optimal orchestration,09-03-2022,,10-12-2021,88,0,524
Treeflex,Organized global matrices,07-10-2021,,20-06-2022,20,23,317
Otcom,Intuitive object-oriented solution,29-01-2022,,19-04-2022,81,38,385
Stim,Optimized tertiary capacity,18-09-2021,,19-02-2022,72,67,229
Flowdesk,Business-focused even-keeled strategy,23-08-2022,,26-11-2021,42,17,649
Flowdesk,Devolved global flexibility,31-03-2022,,15-04-2022,28,47,468
Mat Lam Tam,Down-sized systematic capability,22-02-2022,,29-05-2022,60,6,652
Latlux,Realigned even-keeled leverage,04-03-2022,,07-11-2021,6,12,523
Tampflex,Right-sized holistic neural-net,21-03-2022,,07-07-2022,40,90,365
Home Ing,Proactive clear-thinking capability,09-11-2021,,21-05-2022,88,56,871
Fixflex,Customer-focused disintermediate budgetary management,02-05-2022,,26-10-2021,74,87,190
Job,Decentralized client-server project,13-08-2022,,22-10-2021,41,19,157
Domainer,Function-based fresh-thinking open system,23-10-2021,,14-10-2021,27,10,234
Zamit,Configurable high-level moratorium,01-11-2021,,22-12-2021,46,54,669
Stringtough,Stand-alone user-facing software,30-05-2022,,10-04-2022,40,74,535
Konklab,Future-proofed local attitude,26-03-2022,,22-02-2022,88,21,579
Greenlam,Sharable scalable software,03-09-2022,,17-08-2022,29,49,92
Viva,Advanced executive product,29-12-2021,,04-01-2022,2,47,810
It,Cross-platform real-time concept,20-03-2022,,14-05-2022,70,40,719
Asoka,Object-based directional contingency,20-08-2022,,19-04-2022,83,72,224
Flowdesk,Multi-channelled dedicated local area network,09-06-2022,,12-08-2022,16,15,939
Flowdesk,Ergonomic 4th generation benchmark,31-07-2022,,19-08-2022,40,70,224
Wrapsafe,Face to face mobile access,21-02-2022,,11-10-2021,83,51,778
Cookley,Stand-alone secondary productivity,03-03-2022,,16-06-2022,37,46,124
Flexidy,Vision-oriented content-based moratorium,27-01-2022,,22-06-2022,32,54,381
Tin,Quality-focused radical success,30-09-2021,,23-03-2022,26,87,126
Zathin,Devolved analyzing open system,22-12-2021,,27-01-2022,20,96,220
Vagram,Fundamental content-based structure,19-07-2022,,17-06-2022,30,66,628
Zathin,Seamless multimedia adapter,04-02-2022,,23-12-2021,82,9,763
Domainer,Self-enabling stable open architecture,30-07-2022,,08-06-2022,28,89,161
Opela,Virtual impactful protocol,16-06-2022,,22-10-2021,70,22,637
Mat Lam Tam,Organized foreground benchmark,01-06-2022,,04-06-2022,12,88,859
Stringtough,Pre-emptive 24 hour instruction set,16-04-2022,,21-02-2022,19,25,517
Stim,Grass-roots multi-state open architecture,27-04-2022,,20-03-2022,79,3,816
Zaam-Dox,Integrated contextually-based installation,30-12-2021,,09-10-2021,64,65,605
Lotstring,Customer-focused exuding projection,22-03-2022,,31-05-2022,88,12,11
Job,Total attitude-oriented encoding,18-12-2021,,03-07-2022,48,81,789
Viva,Stand-alone executive task-force,20-09-2021,,12-01-2022,54,98,119
Quo Lux,Multi-channelled radical monitoring,17-02-2022,,12-09-2022,54,33,638
Tres-Zap,Decentralized context-sensitive frame,25-08-2022,,01-11-2021,60,62,893
Overhold,Front-line disintermediate framework,14-04-2022,,29-09-2021,30,42,987
Stim,Synergized uniform secured line,20-04-2022,,27-10-2021,93,70,880
Y-find,Synergistic user-facing monitoring,28-11-2021,,30-03-2022,38,5,899
Mat Lam Tam,Operative 24/7 internet solution,16-07-2022,,29-09-2021,52,66,152
Lotstring,Organic didactic benchmark,29-06-2022,,24-09-2021,51,22,137
Wrapsafe,Quality-focused uniform solution,27-05-2022,,04-09-2022,70,39,909
Latlux,Secured systemic matrices,02-12-2021,,22-10-2021,91,12,737
Zontrax,Exclusive real-time definition,17-11-2021,,25-11-2021,100,26,382
Lotstring,Networked leading edge groupware,07-02-2022,,18-09-2021,61,69,595
Wrapsafe,Optional 3rd generation standardization,03-05-2022,,01-07-2022,96,19,354
Rank,Optional modular functionalities,20-08-2022,,31-01-2022,10,84,354
Fix San,Centralized solution-oriented structure,10-04-2022,,21-05-2022,11,18,578
Cookley,Stand-alone tangible success,05-10-2021,,14-06-2022,68,11,146
Trippledex,Distributed reciprocal neural-net,15-04-2022,,01-11-2021,93,12,220
Toughjoyfax,Business-focused asymmetric analyzer,08-05-2022,,28-10-2021,18,88,494
Home Ing,Organized executive service-desk,26-05-2022,,11-09-2022,32,60,163
Cookley,Robust directional focus group,03-10-2021,,16-12-2021,91,86,237
Zamit,Enhanced encompassing policy,25-10-2021,,19-02-2022,23,88,655
Bitchip,Stand-alone clear-thinking productivity,12-06-2022,,22-01-2022,22,83,838
Tampflex,Diverse transitional firmware,14-08-2022,,11-02-2022,73,37,58
Zathin,Synergized non-volatile matrix,30-05-2022,,11-12-2021,55,92,574
Bamity,Monitored uniform solution,09-04-2022,,14-02-2022,23,4,892
Toughjoyfax,Virtual optimal product,18-06-2022,,12-11-2021,100,67,963
Tres-Zap,Horizontal real-time protocol,25-05-2022,,21-05-2022,33,82,458
Stringtough,Multi-lateral tertiary workforce,13-10-2021,,28-09-2021,49,46,564
Y-find,Sharable cohesive portal,25-09-2021,,01-01-2022,78,39,539
Zontrax,Reduced transitional toolset,19-08-2022,,16-10-2021,64,0,610
Namfix,Ameliorated background collaboration,07-05-2022,,24-10-2021,8,93,202
Transcof,Upgradable regional intranet,15-03-2022,,04-07-2022,11,44,406
Holdlamis,Grass-roots logistical open system,24-12-2021,,16-12-2021,98,0,732
Konklux,Reverse-engineered value-added local area network,07-03-2022,,10-03-2022,27,10,326
Aerified,Multi-layered web-enabled groupware,29-09-2021,,02-02-2022,26,91,491
Asoka,Adaptive directional flexibility,06-08-2022,,09-12-2021,1,32,569
Lotlux,Re-contextualized background paradigm,13-11-2021,,18-01-2022,1,32,846
Rank,Organized actuating collaboration,15-08-2022,,02-11-2021,26,87,139
Trippledex,Devolved disintermediate software,05-08-2022,,15-03-2022,3,64,743
Voltsillam,Progressive 3rd generation framework,26-01-2022,,04-05-2022,74,37,401
Sub-Ex,Programmable bandwidth-monitored protocol,07-10-2021,,21-07-2022,76,93,898
Tin,De-engineered multimedia alliance,26-10-2021,,17-03-2022,15,77,470
Toughjoyfax,Focused disintermediate budgetary management,13-05-2022,,24-02-2022,12,24,806
Span,Re-contextualized secondary framework,19-09-2021,,18-09-2021,96,3,105
Konklux,Organized real-time standardization,09-04-2022,,16-01-2022,59,62,366
Viva,Profound uniform initiative,11-09-2022,,22-06-2022,92,6,117
Y-find,Horizontal interactive capacity,09-11-2021,,15-08-2022,82,70,70
Otcom,Public-key intermediate time-frame,23-02-2022,,06-02-2022,72,13,220
Holdlamis,Innovative bifurcated encoding,28-04-2022,,04-02-2022,16,3,503
Sonair,Down-sized bandwidth-monitored flexibility,30-11-2021,,28-09-2021,9,49,918
Domainer,Synergistic asynchronous service-desk,02-12-2021,,07-05-2022,47,38,534
Zamit,Multi-lateral zero defect paradigm,14-01-2022,,03-06-2022,61,42,760
Hatity,Face to face multi-state installation,07-07-2022,,28-07-2022,11,96,664
Konklab,Visionary 24/7 implementation,19-12-2021,,24-10-2021,29,68,992
Cardify,Phased fresh-thinking collaboration,13-11-2021,,03-08-2022,84,90,112
Lotstring,Compatible homogeneous software,16-11-2021,,29-09-2021,86,73,10
Stronghold,Managed real-time implementation,20-04-2022,,16-01-2022,55,61,441
Duobam,Multi-channelled local project,10-06-2022,,15-11-2021,32,50,767
Toughjoyfax,Programmable tertiary instruction set,28-09-2021,,18-04-2022,39,40,886
Flexidy,Secured motivating collaboration,10-03-2022,,04-10-2021,5,57,287
Regrant,Seamless object-oriented process improvement,14-07-2022,,24-07-2022,34,77,337
Alphazap,Adaptive stable customer loyalty,13-10-2021,,14-12-2021,3,62,686
Biodex,Networked multimedia protocol,03-06-2022,,04-02-2022,45,79,728
Wrapsafe,User-friendly 3rd generation software,15-11-2021,,12-05-2022,56,7,384
Wrapsafe,Persistent attitude-oriented leverage,24-08-2022,,23-06-2022,60,63,436
Y-Solowarm,Profit-focused next generation approach,16-10-2021,,29-09-2021,95,1,125
Stim,Streamlined asymmetric alliance,24-04-2022,,08-02-2022,78,64,155
Bytecard,Multi-channelled fresh-thinking orchestration,22-02-2022,,30-04-2022,92,89,385
Temp,Persevering clear-thinking concept,14-09-2022,,22-12-2021,94,41,946
Sonsing,De-engineered 3rd generation protocol,07-01-2022,,17-05-2022,73,17,475
Vagram,Fundamental scalable open architecture,16-09-2021,,25-09-2021,19,31,748
Voyatouch,Integrated solution-oriented approach,20-04-2022,,23-11-2021,39,88,762
Pannier,Exclusive intangible secured line,01-02-2022,,14-11-2021,64,22,234
Veribet,Mandatory grid-enabled conglomeration,23-06-2022,,27-07-2022,1,17,507
Vagram,Triple-buffered methodical secured line,02-05-2022,,23-12-2021,57,42,972
Ventosanzap,Horizontal 3rd generation intranet,29-09-2021,,07-12-2021,74,20,80
Temp,Operative asymmetric instruction set,20-02-2022,,14-11-2021,64,15,128
Bitchip,Centralized non-volatile local area network,28-12-2021,,12-01-2022,45,56,541
Rank,Self-enabling logistical emulation,01-06-2022,,30-09-2021,94,87,323
Domainer,Phased object-oriented process improvement,25-09-2021,,27-05-2022,31,99,523
Lotstring,Intuitive 5th generation portal,21-06-2022,,20-05-2022,90,45,844
Job,Monitored fresh-thinking process improvement,13-07-2022,,06-02-2022,52,68,436
Keylex,Ergonomic well-modulated function,19-09-2021,,04-10-2021,100,93,54
Lotlux,Front-line coherent time-frame,07-11-2021,,31-03-2022,51,36,870
Alpha,Balanced multimedia knowledge base,16-01-2022,,01-07-2022,85,26,244
Y-find,Networked clear-thinking function,20-12-2021,,03-11-2021,84,0,356
Stronghold,Proactive client-driven Graphical User Interface,11-06-2022,,27-12-2021,51,93,281
Home Ing,Persistent tertiary encryption,01-03-2022,,11-04-2022,48,57,666
Vagram,Enhanced systemic database,21-06-2022,,14-03-2022,1,31,81
Kanlam,Open-source tertiary Graphical User Interface,12-01-2022,,11-12-2021,96,45,212
Voltsillam,Operative neutral adapter,29-09-2021,,27-09-2021,70,82,402
Toughjoyfax,Ergonomic transitional intranet,20-04-2022,,17-12-2021,66,12,52
Vagram,Diverse 6th generation model,28-06-2022,,27-07-2022,95,98,852
Subin,Progressive executive framework,04-04-2022,,08-07-2022,53,67,658
Rank,Multi-lateral holistic data-warehouse,08-04-2022,,15-03-2022,71,83,891
Toughjoyfax,Grass-roots needs-based portal,05-04-2022,,23-09-2021,36,48,900
Sub-Ex,Business-focused intermediate neural-net,18-02-2022,,13-03-2022,19,0,696
Matsoft,Enhanced systematic infrastructure,18-07-2022,,25-11-2021,99,47,447
Daltfresh,Visionary discrete projection,06-11-2021,,23-06-2022,28,92,440
Tres-Zap,Polarised dynamic open architecture,21-03-2022,,20-04-2022,50,32,437
Bitwolf,Visionary directional solution,11-05-2022,,20-09-2021,60,27,795
Holdlamis,Automated attitude-oriented moratorium,04-03-2022,,28-07-2022,58,48,173
Regrant,Adaptive explicit capacity,18-06-2022,,10-02-2022,91,1,242
Toughjoyfax,Reduced dynamic alliance,13-11-2021,,29-12-2021,75,29,993
Viva,Face to face regional artificial intelligence,31-03-2022,,09-03-2022,20,86,792
Bytecard,Self-enabling foreground website,03-10-2021,,15-06-2022,90,25,60
Lotstring,Profound leading edge system engine,27-10-2021,,23-01-2022,96,29,875
Sonair,Right-sized asynchronous policy,15-09-2022,,03-08-2022,14,61,385
Stringtough,Customer-focused zero administration support,28-07-2022,,27-02-2022,54,57,401
Veribet,Distributed well-modulated framework,20-07-2022,,22-12-2021,59,38,436
Cardify,Cloned background info-mediaries,23-07-2022,,18-02-2022,31,46,813
Flowdesk,Managed content-based utilisation,13-11-2021,,25-10-2021,28,46,752
Zoolab,Automated eco-centric ability,14-06-2022,,29-03-2022,48,67,517
Konklab,Innovative grid-enabled focus group,27-04-2022,,20-12-2021,10,2,78
Domainer,Proactive holistic policy,25-09-2021,,19-05-2022,52,50,843
Mat Lam Tam,Secured solution-oriented definition,22-06-2022,,14-06-2022,95,58,182
Opela,Secured analyzing array,15-01-2022,,27-10-2021,14,13,535
Voltsillam,Innovative zero tolerance service-desk,29-08-2022,,28-02-2022,42,33,492
Tempsoft,Future-proofed optimal flexibility,08-02-2022,,09-07-2022,11,83,230
Vagram,Self-enabling context-sensitive array,15-11-2021,,22-07-2022,87,42,900
Zoolab,Object-based methodical internet solution,16-03-2022,,29-06-2022,55,3,429
Span,Decentralized upward-trending utilisation,26-11-2021,,23-10-2021,65,37,237
Tres-Zap,Public-key mobile emulation,03-07-2022,,21-04-2022,92,50,392
Cardify,Focused human-resource model,14-01-2022,,29-07-2022,15,8,276
Sonair,Universal intangible paradigm,01-12-2021,,01-11-2021,84,86,217
Mat Lam Tam,Quality-focused executive data-warehouse,08-07-2022,,25-06-2022,85,33,118
Vagram,User-friendly secondary instruction set,30-01-2022,,26-06-2022,3,58,621
Zamit,Open-source leading edge portal,04-12-2021,,24-11-2021,54,17,168
Duobam,Cross-group actuating system engine,27-04-2022,,30-06-2022,50,95,900
Tin,Expanded multi-state intranet,25-03-2022,,26-03-2022,13,31,721
Greenlam,Future-proofed well-modulated encoding,18-12-2021,,06-08-2022,36,68,915
Cardguard,Organized discrete complexity,15-03-2022,,18-03-2022,59,91,144
Zathin,Enterprise-wide fault-tolerant architecture,15-06-2022,,03-05-2022,76,41,582
Flexidy,Configurable clear-thinking function,08-08-2022,,26-06-2022,71,14,418
Alphazap,Up-sized intermediate migration,07-10-2021,,19-05-2022,23,24,834
Temp,Centralized leading edge focus group,02-10-2021,,01-01-2022,65,80,576
Transcof,Triple-buffered asymmetric product,28-10-2021,,20-03-2022,87,59,796
Zamit,Advanced fresh-thinking array,02-08-2022,,08-11-2021,97,45,468
Alpha,Secured incremental neural-net,27-02-2022,,18-09-2021,17,34,381
Biodex,Virtual grid-enabled capability,20-08-2022,,10-07-2022,12,36,368
Veribet,Function-based 3rd generation hub,08-04-2022,,13-05-2022,49,20,221
Voyatouch,Object-based bi-directional methodology,20-02-2022,,17-09-2021,97,84,11
Temp,Assimilated analyzing structure,13-08-2022,,06-10-2021,46,67,901
Cookley,Innovative coherent info-mediaries,13-07-2022,,26-07-2022,30,91,873
Asoka,Inverse optimizing array,08-09-2022,,23-07-2022,24,97,710
Sonair,Automated mission-critical groupware,27-02-2022,,12-02-2022,50,40,503
Cardify,Business-focused national encoding,03-03-2022,,01-05-2022,98,4,65
Opela,Future-proofed regional toolset,17-12-2021,,22-12-2021,3,67,318
Domainer,Business-focused static instruction set,03-08-2022,,06-02-2022,64,100,69
Tresom,Fully-configurable human-resource adapter,31-03-2022,,06-04-2022,30,54,167
Konklux,Right-sized analyzing open system,24-11-2021,,07-01-2022,37,43,755
Cardguard,Optional web-enabled functionalities,20-10-2021,,14-11-2021,96,15,361
Cardguard,Synergistic systematic benchmark,03-10-2021,,31-07-2022,86,10,1000
Y-Solowarm,Optimized scalable challenge,13-11-2021,,27-07-2022,89,58,555
Home Ing,User-friendly explicit core,09-01-2022,,06-05-2022,23,47,352
Lotlux,Integrated explicit standardization,24-05-2022,,13-04-2022,51,45,712
Subin,Persevering 4th generation solution,16-06-2022,,09-08-2022,83,23,514
Tin,Enterprise-wide hybrid moratorium,24-09-2021,,08-01-2022,49,38,437
Namfix,Cross-group logistical superstructure,14-12-2021,,20-11-2021,30,14,31
Andalax,Horizontal reciprocal benchmark,19-11-2021,,22-06-2022,47,81,650
Regrant,Synergistic multimedia access,15-01-2022,,15-09-2022,17,18,332
Treeflex,Upgradable systemic strategy,17-10-2021,,05-05-2022,21,23,159
Alpha,Inverse content-based initiative,06-04-2022,,09-09-2022,70,33,596
Veribet,Seamless radical process improvement,12-04-2022,,28-06-2022,90,18,883
Toughjoyfax,Centralized demand-driven hardware,16-09-2021,,09-04-2022,38,19,763
It,Self-enabling disintermediate middleware,21-07-2022,,16-03-2022,90,12,298
Lotstring,Advanced mission-critical hierarchy,19-04-2022,,25-04-2022,99,51,906
Tres-Zap,Self-enabling systemic extranet,02-01-2022,,10-10-2021,87,53,426
Greenlam,Universal motivating array,19-12-2021,,05-02-2022,38,94,690
Bitchip,Open-architected logistical model,07-06-2022,,14-02-2022,63,72,372
Biodex,Secured secondary help-desk,01-08-2022,,01-10-2021,1,18,53
Otcom,Compatible upward-trending moratorium,12-12-2021,,22-08-2022,22,52,182
Tempsoft,Polarised mission-critical functionalities,05-12-2021,,30-09-2021,37,74,215
Voyatouch,Mandatory executive frame,01-02-2022,,13-06-2022,51,0,802
Veribet,Public-key radical algorithm,20-07-2022,,26-07-2022,9,2,197
Sonsing,Upgradable multi-state success,04-03-2022,,25-05-2022,13,98,157
Opela,Intuitive national knowledge base,05-12-2021,,18-12-2021,79,78,421
Zamit,Multi-tiered zero defect parallelism,16-04-2022,,04-03-2022,14,62,847
Cardify,Stand-alone motivating capability,14-03-2022,,24-02-2022,17,100,954
Hatity,Reduced modular frame,22-03-2022,,02-08-2022,42,12,542
Tempsoft,Switchable cohesive installation,05-05-2022,,14-01-2022,54,92,693
Voltsillam,Customizable well-modulated budgetary management,01-01-2022,,19-02-2022,87,57,934
Zamit,Open-architected stable time-frame,03-09-2022,,23-06-2022,97,16,360
Flexidy,Seamless 24 hour paradigm,25-09-2021,,21-07-2022,50,20,24
Namfix,Ergonomic attitude-oriented archive,26-04-2022,,20-02-2022,75,85,882
Job,Persevering dynamic orchestration,31-10-2021,,28-04-2022,41,96,432
Transcof,Cross-group multi-state capability,04-01-2022,,28-07-2022,91,100,10
Toughjoyfax,Switchable multi-tasking support,23-06-2022,,22-03-2022,70,5,188
Mat Lam Tam,Re-engineered zero defect knowledge base,18-06-2022,,03-02-2022,72,1,37
Viva,Universal 6th generation budgetary management,14-01-2022,,30-09-2021,27,28,761
Bitchip,Open-architected transitional architecture,09-01-2022,,27-05-2022,34,43,189
Tresom,Universal fault-tolerant adapter,07-11-2021,,13-02-2022,11,10,721
Zathin,Profit-focused asymmetric database,14-07-2022,,04-01-2022,53,10,111
Domainer,Open-source bi-directional archive,25-04-2022,,17-10-2021,42,19,473
Pannier,Visionary stable open architecture,01-05-2022,,23-01-2022,64,92,409
Bitwolf,Future-proofed uniform hardware,17-07-2022,,07-10-2021,63,59,615
Job,Polarised reciprocal superstructure,20-09-2021,,22-01-2022,64,75,535
Subin,Function-based cohesive forecast,01-10-2021,,11-11-2021,24,50,754
Sonair,Up-sized stable projection,24-09-2021,,06-03-2022,26,10,195
Tres-Zap,Synergized dedicated intranet,02-10-2021,,04-12-2021,4,5,571
Voltsillam,Grass-roots object-oriented installation,24-02-2022,,23-11-2021,57,21,223
Fix San,Innovative 5th generation encryption,29-12-2021,,17-04-2022,71,25,410
Viva,Reduced multi-state function,08-12-2021,,12-05-2022,18,68,164
Y-Solowarm,Assimilated contextually-based matrix,01-02-2022,,15-03-2022,36,21,168
Ronstring,Customer-focused national Graphic Interface,29-04-2022,,31-07-2022,60,0,83
Stim,Advanced fault-tolerant workforce,21-01-2022,,28-12-2021,50,31,344
Zamit,Object-based next generation attitude,03-01-2022,,22-07-2022,23,72,486
Zathin,Expanded incremental model,24-07-2022,,05-10-2021,90,73,500
Stronghold,Versatile composite throughput,15-07-2022,,18-12-2021,13,98,110
Tres-Zap,Expanded real-time protocol,24-06-2022,,11-02-2022,36,89,924
Cookley,Grass-roots explicit product,03-07-2022,,22-03-2022,56,0,554
Vagram,Synergized solution-oriented contingency,03-03-2022,,01-10-2021,95,58,283
Fintone,Universal real-time throughput,15-12-2021,,10-12-2021,37,52,965
Daltfresh,Centralized responsive synergy,23-03-2022,,19-09-2021,43,63,860
Holdlamis,Reactive user-facing budgetary management,25-01-2022,,26-10-2021,99,75,308
Toughjoyfax,De-engineered static monitoring,03-05-2022,,09-04-2022,96,42,765
Holdlamis,Organized impactful workforce,01-08-2022,,27-06-2022,14,45,426
Zontrax,Programmable transitional challenge,12-07-2022,,21-06-2022,51,100,171
Namfix,Re-contextualized holistic internet solution,13-10-2021,,08-06-2022,81,55,130
Cookley,Synergized object-oriented workforce,27-09-2021,,03-12-2021,76,26,320
Bitchip,Advanced background extranet,17-04-2022,,12-12-2021,84,25,515
Kanlam,Synergistic secondary initiative,16-03-2022,,21-12-2021,38,14,235
Konklux,Enterprise-wide 3rd generation extranet,10-03-2022,,13-04-2022,96,60,7
Treeflex,Open-source well-modulated task-force,28-09-2021,,27-03-2022,17,51,703
Opela,Persevering dedicated website,22-07-2022,,11-11-2021,65,62,869
Toughjoyfax,Self-enabling zero defect product,24-01-2022,,04-02-2022,8,59,606
Home Ing,Proactive mobile solution,10-02-2022,,21-11-2021,56,65,98
Namfix,Focused coherent service-desk,22-05-2022,,04-10-2021,63,31,641
Kanlam,Switchable analyzing methodology,25-08-2022,,14-12-2021,18,75,327
Tampflex,Persevering content-based definition,01-01-2022,,07-12-2021,91,75,237
Mat Lam Tam,Total exuding paradigm,18-04-2022,,05-04-2022,20,14,200
Zamit,Re-engineered tertiary budgetary management,07-12-2021,,30-08-2022,68,83,196
Domainer,Balanced well-modulated functionalities,11-12-2021,,10-12-2021,15,6,235
Alpha,Multi-layered tertiary system engine,23-08-2022,,01-04-2022,52,38,968
Zaam-Dox,Open-architected solution-oriented data-warehouse,22-11-2021,,12-11-2021,17,45,952
Bigtax,Intuitive well-modulated customer loyalty,26-08-2022,,12-08-2022,14,68,295
Zontrax,Cross-group empowering website,07-01-2022,,19-03-2022,65,54,459
Tres-Zap,Synergistic radical task-force,01-12-2021,,31-07-2022,88,23,825
Zaam-Dox,Cross-group intermediate projection,12-04-2022,,21-04-2022,50,45,599
Treeflex,Public-key mission-critical customer loyalty,06-12-2021,,18-05-2022,42,63,957
Tampflex,Multi-tiered multimedia support,01-02-2022,,08-07-2022,42,28,725
Zontrax,Automated client-server success,10-02-2022,,24-01-2022,92,49,442
Bitchip,Realigned heuristic definition,12-10-2021,,12-11-2021,43,65,450
Alpha,Proactive coherent throughput,26-04-2022,,01-01-2022,69,62,429
Namfix,Multi-tiered multi-tasking toolset,25-03-2022,,04-02-2022,45,33,651
Ventosanzap,Cross-platform logistical system engine,15-07-2022,,25-11-2021,14,59,139
Duobam,Fundamental regional functionalities,17-10-2021,,03-04-2022,12,24,440
Matsoft,Customizable composite methodology,04-03-2022,,31-07-2022,46,41,864
Voyatouch,Decentralized real-time conglomeration,10-05-2022,,04-02-2022,73,68,593
Y-Solowarm,Pre-emptive coherent circuit,27-03-2022,,20-09-2021,91,32,3
Asoka,Robust stable monitoring,21-05-2022,,27-01-2022,97,54,434
Regrant,Configurable homogeneous process improvement,24-08-2022,,03-01-2022,20,43,547
Ronstring,Total analyzing array,16-08-2022,,23-07-2022,47,86,277
Sub-Ex,Function-based modular portal,26-09-2021,,06-06-2022,84,7,643
Ronstring,Synergistic non-volatile policy,14-01-2022,,13-01-2022,49,65,448
Sonsing,Fully-configurable mobile frame,12-01-2022,,18-02-2022,40,69,820
Stim,Horizontal composite capability,08-06-2022,,25-05-2022,29,22,100
Voyatouch,Reactive didactic workforce,05-08-2022,,09-11-2021,88,82,121
Zaam-Dox,Intuitive asynchronous software,16-11-2021,,19-12-2021,10,8,648
Aerified,Distributed intangible synergy,26-06-2022,,07-08-2022,68,44,943
Zathin,De-engineered didactic secured line,07-07-2022,,15-05-2022,82,100,573
Fix San,Focused holistic software,03-12-2021,,25-04-2022,58,88,719
Y-find,Secured logistical concept,28-11-2021,,07-03-2022,62,84,328
Flowdesk,Profit-focused dedicated groupware,30-07-2022,,09-10-2021,10,100,684
Overhold,Proactive real-time function,29-05-2022,,26-07-2022,74,32,118
Treeflex,Distributed encompassing budgetary management,28-01-2022,,28-01-2022,37,95,390
Zamit,Right-sized zero administration orchestration,04-02-2022,,20-05-2022,38,31,172
Zamit,Customer-focused 24/7 extranet,16-07-2022,,04-10-2021,88,100,421
Latlux,Reverse-engineered static framework,31-07-2022,,02-12-2021,2,1,219
Vagram,Ameliorated demand-driven Graphic Interface,25-01-2022,,31-03-2022,93,65,142
Veribet,Optional client-driven matrices,30-03-2022,,10-08-2022,79,20,291
Fixflex,Cross-platform attitude-oriented knowledge user,16-08-2022,,26-05-2022,61,44,470
Quo Lux,Profound hybrid structure,09-03-2022,,29-09-2021,91,17,625
Treeflex,Mandatory bi-directional benchmark,06-03-2022,,05-11-2021,91,28,114
Zoolab,Fundamental motivating contingency,15-11-2021,,04-10-2021,83,100,740
Quo Lux,Re-engineered well-modulated architecture,25-11-2021,,14-11-2021,75,78,648
Namfix,Exclusive dynamic flexibility,24-07-2022,,22-08-2022,34,85,193
Bamity,Balanced clear-thinking functionalities,14-05-2022,,18-10-2021,85,54,725
Overhold,Configurable 5th generation array,24-11-2021,,18-03-2022,29,83,311
Bitchip,Ergonomic zero administration attitude,10-12-2021,,14-01-2022,17,3,494
Ronstring,Stand-alone 3rd generation middleware,07-01-2022,,22-02-2022,68,46,815
Cardguard,Quality-focused global paradigm,13-10-2021,,21-05-2022,35,27,78
Pannier,Re-contextualized foreground artificial intelligence,19-03-2022,,09-09-2022,83,8,4
Daltfresh,Polarised content-based policy,12-04-2022,,30-06-2022,84,11,711
Zoolab,Multi-layered grid-enabled pricing structure,24-10-2021,,20-04-2022,87,72,869
Job,Universal 5th generation contingency,08-08-2022,,29-12-2021,97,26,398
Regrant,Advanced solution-oriented open architecture,30-11-2021,,16-03-2022,91,15,474
Sub-Ex,Streamlined non-volatile hub,18-11-2021,,05-09-2022,15,15,941
Namfix,Right-sized asymmetric emulation,19-01-2022,,22-02-2022,46,15,708
Zamit,Multi-lateral reciprocal extranet,24-04-2022,,02-12-2021,65,95,373
Sub-Ex,Reverse-engineered fresh-thinking monitoring,11-03-2022,,22-03-2022,85,3,526
Gembucket,Customizable composite knowledge base,19-04-2022,,02-05-2022,71,40,690
Sub-Ex,Self-enabling heuristic superstructure,24-04-2022,,02-04-2022,97,62,477
Zamit,Reverse-engineered zero tolerance forecast,22-11-2021,,19-06-2022,24,51,743
Gembucket,Innovative intermediate migration,01-04-2022,,20-04-2022,95,21,187
Zontrax,Fundamental mobile projection,30-01-2022,,31-07-2022,66,89,563
Hatity,Innovative eco-centric interface,15-06-2022,,28-02-2022,30,20,540
Latlux,Reduced regional middleware,20-03-2022,,10-06-2022,67,27,459
Viva,Intuitive human-resource productivity,12-07-2022,,24-09-2021,72,35,920
Alpha,Cloned neutral customer loyalty,20-12-2021,,30-04-2022,40,78,147
Flexidy,Centralized actuating firmware,24-05-2022,,29-11-2021,78,63,161
Home Ing,Sharable asymmetric utilisation,17-04-2022,,31-10-2021,55,36,103
Bigtax,Persevering grid-enabled strategy,29-03-2022,,29-04-2022,50,67,149
Bitwolf,Reverse-engineered tertiary complexity,15-08-2022,,19-03-2022,71,13,909
Alphazap,Progressive encompassing internet solution,26-09-2021,,12-11-2021,17,86,446
Y-Solowarm,Mandatory dynamic synergy,12-05-2022,,13-02-2022,45,93,663
Lotlux,Focused disintermediate Graphical User Interface,20-12-2021,,02-01-2022,19,22,830
Temp,Reverse-engineered modular orchestration,09-01-2022,,08-10-2021,0,40,698
Cookley,Team-oriented well-modulated emulation,10-03-2022,,26-07-2022,12,56,736
Fixflex,De-engineered well-modulated internet solution,28-04-2022,,18-08-2022,49,66,460
Cookley,Optional executive monitoring,20-06-2022,,11-10-2021,38,22,956
Voltsillam,Triple-buffered needs-based orchestration,18-12-2021,,23-03-2022,52,67,400
Prodder,Ergonomic high-level process improvement,23-06-2022,,23-05-2022,19,43,207
Zamit,Innovative fault-tolerant service-desk,09-12-2021,,24-08-2022,63,64,330
Veribet,User-centric bottom-line extranet,11-02-2022,,14-10-2021,50,93,3
Bamity,Centralized dedicated service-desk,02-11-2021,,07-12-2021,4,86,153
Bamity,Up-sized multimedia orchestration,11-06-2022,,16-07-2022,90,5,193
Tresom,Versatile background analyzer,10-06-2022,,20-05-2022,68,65,986
Domainer,Devolved contextually-based collaboration,06-11-2021,,09-08-2022,96,63,656
Stim,Multi-lateral bottom-line focus group,24-06-2022,,06-01-2022,34,93,353
Voltsillam,Profound composite adapter,06-04-2022,,25-02-2022,46,10,775
Temp,Reduced non-volatile knowledge user,20-10-2021,,05-04-2022,36,1,524
Tin,Fundamental client-server flexibility,22-12-2021,,17-08-2022,49,33,151
Job,Object-based optimal analyzer,15-04-2022,,17-02-2022,5,85,927
Matsoft,Configurable asynchronous adapter,11-06-2022,,24-05-2022,38,5,178
Cardify,Fully-configurable zero administration success,19-01-2022,,14-02-2022,2,51,891
Zontrax,Digitized interactive array,25-05-2022,,13-01-2022,28,21,102
Mat Lam Tam,Assimilated zero tolerance instruction set,22-05-2022,,27-03-2022,93,71,195
Keylex,Expanded mission-critical database,05-02-2022,,16-10-2021,91,50,47
Kanlam,Profound explicit strategy,17-01-2022,,16-10-2021,85,94,88
Zaam-Dox,Versatile interactive neural-net,07-11-2021,,14-10-2021,62,33,106
Duobam,Balanced radical algorithm,15-01-2022,,13-01-2022,73,75,452
Tampflex,Expanded client-driven capability,20-08-2022,,25-05-2022,7,1,935
Voyatouch,Pre-emptive static policy,15-05-2022,,07-09-2022,53,100,824
Span,Diverse next generation open system,13-06-2022,,10-11-2021,4,0,3
Otcom,Synchronised client-driven capacity,12-09-2022,,21-10-2021,48,36,151
Redhold,Innovative heuristic circuit,23-08-2022,,18-12-2021,52,60,871
Zamit,Decentralized attitude-oriented capacity,27-03-2022,,01-01-2022,22,79,561
Stronghold,Synergistic 24 hour knowledge base,26-07-2022,,17-12-2021,91,64,317
Andalax,Organized dedicated portal,01-03-2022,,06-03-2022,94,96,822
Flowdesk,Cross-platform needs-based focus group,04-02-2022,,12-10-2021,65,6,456
