title,content,created_at,date_changed,upvote_count,channel_id,user_id
Biodex,Right-sized even-keeled contingency,'2021-09-19','2022-03-24',90,29,547
Daltfresh,Decentralized user-facing synergy,'2022-05-02','2022-01-17',44,12,113
Voltsillam,Configurable encompassing contingency,'2022-04-12','2021-10-11',94,1,10
Holdlamis,Mandatory upward-trending firmware,'2021-10-09','2022-03-28',49,12,636
Veribet,Virtual global software,'2022-06-10','2022-01-15',92,34,337
Cookley,Optional eco-centric encoding,'2022-08-13','2021-12-10',33,15,190
Viva,Robust human-resource utilisation,'2021-12-27','2021-12-27',95,1,485
Prodder,Centralized neutral groupware,'2022-07-25','2022-05-24',77,20,191
Konklux,Cross-group radical knowledge user,'2022-03-13','2022-03-04',7,2,651
Prodder,Ergonomic global definition,'2021-10-05','2022-08-19',77,32,95
Subin,Team-oriented bifurcated capacity,'2022-01-15','2022-03-05',7,16,249
Fintone,Multi-channelled fresh-thinking orchestration,'2022-06-22','2021-12-15',33,15,435
Tres-Zap,Cross-platform value-added capacity,'2022-06-30','2022-07-07',9,27,241
Regrant,De-engineered value-added benchmark,'2022-06-22','2022-07-05',11,25,86
Lotstring,De-engineered impactful system engine,'2022-09-10','2021-09-20',90,30,155
Y-find,Seamless stable database,'2022-08-11','2022-02-16',27,28,927
Rank,Compatible zero administration local area network,'2022-07-19','2022-01-20',85,18,743
Daltfresh,Assimilated human-resource parallelism,'2022-04-23','2022-01-21',29,26,247
Sonair,Total context-sensitive throughput,'2022-02-07','2022-04-13',73,3,130
Biodex,Reduced value-added open architecture,'2022-01-02','2021-10-15',3,12,755
Voltsillam,Ergonomic asymmetric projection,'2022-04-06','2022-04-18',0,21,598
Holdlamis,Proactive exuding superstructure,'2022-01-07','2022-02-14',88,3,608
Span,Ergonomic regional functionalities,'2021-12-14','2022-07-28',72,17,483
Quo Lux,Streamlined scalable alliance,'2022-06-11','2022-07-02',99,1,852
Sub-Ex,Expanded methodical software,'2022-04-08','2022-09-06',50,14,957
Biodex,Multi-channelled analyzing framework,'2022-07-29','2021-10-04',18,9,116
Vagram,Front-line 4th generation data-warehouse,'2022-07-17','2022-08-01',66,12,738
Treeflex,Automated holistic projection,'2022-05-08','2022-03-31',37,27,123
Voltsillam,Robust context-sensitive adapter,'2022-03-10','2022-09-14',49,16,331
Cardify,Ameliorated composite hardware,'2021-11-22','2022-04-09',78,15,538
Y-Solowarm,Enhanced hybrid Graphical User Interface,'2021-11-11','2022-01-08',19,4,860
Stringtough,Cross-platform radical Graphic Interface,'2021-12-02','2022-06-17',24,23,516
Bamity,Profound value-added moderator,'2022-03-21','2022-08-22',67,19,632
Lotstring,Fully-configurable optimal customer loyalty,'2022-04-09','2021-10-05',11,21,581
Stim,Inverse 4th generation solution,'2022-04-28','2022-06-01',8,26,378
Zamit,Fundamental disintermediate strategy,'2022-02-15','2022-08-07',88,13,607
Alphazap,Focused upward-trending challenge,'2022-03-22','2022-07-14',61,18,912
Andalax,Polarised interactive product,'2021-11-14','2022-03-26',27,5,952
Lotstring,Cloned hybrid artificial intelligence,'2022-09-11','2022-05-21',90,2,982
Zathin,Extended intangible project,'2021-12-04','2022-05-24',39,4,728
Sonsing,Multi-channelled neutral middleware,'2022-06-21','2022-07-17',15,34,270
Asoka,Cloned hybrid product,'2022-09-04','2022-03-14',54,11,284
Job,De-engineered high-level knowledge user,'2021-10-28','2022-03-09',65,14,336
Bamity,Polarised background portal,'2022-05-26','2022-04-18',69,13,757
Quo Lux,Progressive static success,'2022-06-05','2022-05-06',46,21,946
Tin,Organized tangible website,'2022-05-09','2021-10-19',93,30,2
It,Face to face directional success,'2022-04-09','2022-03-17',89,24,285
Zoolab,Ameliorated reciprocal toolset,'2021-10-07','2022-08-26',17,17,424
Mat Lam Tam,Automated content-based core,'2021-11-10','2021-12-15',22,29,661
Alpha,Pre-emptive explicit ability,'2022-05-05','2022-08-08',96,12,653
Bigtax,Future-proofed multimedia database,'2022-01-13','2021-10-04',97,4,271
Lotlux,User-friendly incremental budgetary management,'2022-01-19','2021-12-06',62,13,599
Konklab,Secured stable moratorium,'2022-01-16','2022-06-11',80,13,866
Fixflex,Expanded incremental forecast,'2022-08-28','2022-05-25',66,25,903
Ronstring,Down-sized impactful capacity,'2021-12-24','2022-02-12',71,21,224
Matsoft,Polarised attitude-oriented encryption,'2021-11-14','2022-08-25',97,27,869
Prodder,Persevering demand-driven strategy,'2021-11-21','2022-09-12',80,10,320
Fixflex,Enterprise-wide local archive,'2022-09-08','2022-05-23',8,26,452
Bigtax,Assimilated stable model,'2021-09-16','2022-07-05',10,1,422
Solarbreeze,Triple-buffered bifurcated customer loyalty,'2022-03-13','2022-04-17',19,34,255
Treeflex,Universal asymmetric complexity,'2022-01-30','2021-11-17',68,31,218
Sonair,Grass-roots secondary hardware,'2022-06-09','2022-09-07',55,18,989
Andalax,Robust background knowledge base,'2022-08-05','2022-08-17',36,7,579
Quo Lux,Future-proofed asynchronous interface,'2022-01-31','2022-08-31',2,15,833
Bamity,Cloned methodical knowledge user,'2021-12-07','2022-09-07',11,27,652
Job,Total web-enabled paradigm,'2022-02-16','2021-10-14',80,15,685
Otcom,Open-source 24/7 moderator,'2021-11-09','2022-05-09',41,29,785
Holdlamis,De-engineered holistic product,'2022-01-02','2022-08-13',61,5,899
Redhold,Adaptive fault-tolerant website,'2022-01-08','2022-04-21',65,20,45
Stronghold,Secured full-range customer loyalty,'2021-12-22','2021-11-07',7,27,413
Hatity,Front-line explicit extranet,'2022-02-26','2022-06-26',37,18,586
Trippledex,Profit-focused uniform pricing structure,'2022-03-25','2022-09-04',71,4,766
Zathin,Total bifurcated conglomeration,'2021-11-24','2021-10-16',66,24,622
Domainer,Sharable encompassing task-force,'2022-06-28','2021-12-10',81,6,56
Andalax,Virtual 3rd generation synergy,'2022-06-24','2022-06-25',12,35,765
Opela,Profound zero tolerance strategy,'2022-07-03','2022-08-20',52,29,791
Y-find,Assimilated fresh-thinking support,'2022-01-22','2021-09-18',13,3,381
Mat Lam Tam,Optional methodical neural-net,'2022-05-15','2022-03-31',98,12,196
Holdlamis,Quality-focused actuating workforce,'2022-08-18','2021-12-23',98,11,668
Andalax,Organized fresh-thinking neural-net,'2021-12-15','2022-02-17',45,23,665
Stringtough,Reverse-engineered dynamic support,'2022-08-17','2022-06-16',14,10,569
Alphazap,Virtual full-range encoding,'2022-04-06','2021-12-23',60,21,625
Fix San,Fully-configurable actuating toolset,'2022-04-08','2022-01-08',23,11,324
Vagram,Customizable even-keeled workforce,'2022-07-21','2022-01-25',24,20,248
Alphazap,Persevering high-level alliance,'2022-04-20','2022-09-07',60,33,471
Zathin,Up-sized zero defect success,'2022-05-15','2022-08-17',33,13,579
Stringtough,Assimilated disintermediate budgetary management,'2022-03-25','2022-03-05',34,3,791
Ventosanzap,Balanced 3rd generation help-desk,'2021-11-22','2022-08-26',42,32,84
Y-find,Profound real-time artificial intelligence,'2022-04-24','2021-10-10',6,31,84
Ronstring,Quality-focused impactful archive,'2022-08-11','2022-01-29',11,21,52
Stringtough,Optimized grid-enabled artificial intelligence,'2022-03-20','2022-05-14',0,26,890
Opela,Progressive actuating toolset,'2022-03-17','2022-06-04',62,25,96
Mat Lam Tam,Optional interactive definition,'2022-05-03','2022-01-28',67,22,852
Cookley,Implemented solution-oriented support,'2021-09-30','2022-03-13',34,26,952
Toughjoyfax,Face to face bi-directional framework,'2021-11-25','2021-12-07',56,4,688
Vagram,Team-oriented dedicated neural-net,'2022-02-22','2022-01-19',17,21,132
Konklab,Exclusive logistical system engine,'2021-12-20','2022-01-18',45,6,627
Pannier,Enterprise-wide global standardization,'2022-04-22','2021-11-05',71,35,547
Konklux,Advanced dedicated structure,'2022-08-08','2022-03-30',48,19,584
Solarbreeze,Universal grid-enabled support,'2021-12-21','2021-11-09',76,1,63
Transcof,Customer-focused explicit budgetary management,'2022-02-14','2022-03-24',29,7,573
Alpha,Re-engineered multimedia application,'2022-08-05','2022-09-12',88,10,209
Y-Solowarm,Self-enabling system-worthy policy,'2022-06-24','2021-11-25',94,31,818
Quo Lux,Devolved 24/7 help-desk,'2021-10-31','2022-09-07',40,18,278
Otcom,Inverse mobile hierarchy,'2022-06-10','2022-05-11',86,24,895
Cardify,Switchable 5th generation product,'2022-05-09','2022-01-15',3,11,260
Hatity,Profound eco-centric encoding,'2021-09-29','2022-06-02',71,9,111
Rank,Distributed asynchronous focus group,'2022-08-28','2021-12-17',33,34,513
Cardguard,Enterprise-wide fresh-thinking moratorium,'2021-10-12','2022-06-17',28,4,787
Kanlam,Up-sized local framework,'2022-04-28','2021-12-09',29,15,942
Subin,Switchable local time-frame,'2022-04-30','2022-08-02',26,7,970
Bitwolf,Future-proofed methodical moratorium,'2022-04-30','2022-05-16',53,35,382
Voltsillam,Inverse encompassing benchmark,'2021-10-26','2022-04-07',84,8,829
Lotlux,Exclusive optimal productivity,'2021-09-21','2022-03-07',47,30,493
Alpha,Diverse zero defect knowledge base,'2022-06-15','2022-01-03',100,3,431
Rank,Integrated hybrid portal,'2022-01-01','2022-08-24',28,11,446
Fintone,Operative needs-based time-frame,'2021-11-22','2021-10-12',90,31,168
Mat Lam Tam,Balanced well-modulated focus group,'2021-11-22','2021-12-13',50,1,282
Sonair,Self-enabling regional complexity,'2022-05-07','2021-12-31',64,35,885
Voyatouch,Enterprise-wide regional intranet,'2022-04-02','2021-12-05',87,25,274
Bamity,Front-line incremental help-desk,'2021-11-22','2022-04-10',55,23,442
Temp,Virtual human-resource hierarchy,'2021-11-03','2022-05-19',0,27,22
Andalax,Centralized exuding project,'2022-05-04','2021-09-25',60,32,1
Prodder,Ameliorated next generation application,'2022-05-20','2022-05-23',21,16,304
Konklux,Front-line grid-enabled software,'2021-12-19','2021-12-13',20,29,161
Zontrax,Pre-emptive zero administration matrices,'2021-11-19','2022-04-03',80,6,882
Andalax,Diverse 6th generation forecast,'2022-02-08','2021-12-08',56,3,902
Asoka,Synergistic fresh-thinking methodology,'2022-01-25','2021-10-21',30,23,412
Solarbreeze,Monitored clear-thinking neural-net,'2022-06-16','2022-02-21',74,34,511
Subin,De-engineered web-enabled algorithm,'2022-02-28','2022-07-20',3,25,318
Fintone,Right-sized executive product,'2022-03-04','2022-04-20',39,23,925
Bigtax,Organic client-driven archive,'2021-12-25','2021-10-05',4,2,347
Greenlam,Progressive empowering model,'2022-01-18','2022-03-03',80,7,444
Tempsoft,Balanced foreground complexity,'2022-08-16','2022-05-23',83,8,593
Flowdesk,Monitored value-added software,'2022-04-21','2021-10-30',59,26,38
Tresom,Future-proofed logistical matrix,'2021-10-08','2022-04-03',56,18,77
Zoolab,Advanced stable artificial intelligence,'2022-03-12','2022-02-26',7,30,516
Cardguard,Organized holistic Graphical User Interface,'2022-09-11','2022-03-13',51,16,245
Mat Lam Tam,Programmable multi-state circuit,'2021-11-21','2022-04-04',68,21,403
Treeflex,Face to face executive orchestration,'2022-04-10','2022-08-06',10,35,121
Voltsillam,Mandatory foreground customer loyalty,'2022-02-01','2022-07-30',40,6,976
Sub-Ex,Grass-roots bifurcated strategy,'2022-04-10','2021-12-31',0,11,686
Regrant,Stand-alone composite initiative,'2022-08-26','2022-02-11',1,18,855
Bitchip,Multi-lateral multimedia concept,'2021-10-12','2022-06-28',40,24,428
Zoolab,Multi-channelled tertiary capability,'2022-08-05','2022-08-19',57,5,18
Tin,Cross-platform encompassing productivity,'2022-02-24','2022-02-13',32,32,1000
Veribet,Seamless radical solution,'2022-03-01','2022-05-16',43,33,77
Kanlam,Distributed national utilisation,'2022-02-21','2022-06-02',88,23,307
Veribet,Optimized multi-state flexibility,'2022-09-11','2022-08-06',90,16,356
Sonsing,Customer-focused bottom-line capability,'2022-06-05','2022-06-12',35,31,872
Konklab,Front-line regional standardization,'2021-12-17','2022-06-17',30,30,847
Fixflex,Assimilated logistical info-mediaries,'2022-04-29','2021-11-06',51,10,465
Span,Cross-group 4th generation knowledge user,'2022-05-12','2022-05-17',60,5,717
Otcom,User-friendly discrete complexity,'2022-02-25','2022-04-24',31,13,368
Fintone,Intuitive zero tolerance solution,'2022-08-23','2021-12-11',12,10,776
Gembucket,Polarised radical attitude,'2021-11-27','2022-03-30',100,34,323
Tresom,Synchronised didactic customer loyalty,'2022-06-28','2022-04-11',1,13,928
Rank,Customizable logistical methodology,'2021-12-22','2021-12-25',73,25,37
Vagram,Synergized empowering migration,'2022-08-06','2022-03-02',14,31,3
Greenlam,Object-based user-facing secured line,'2022-08-30','2021-11-13',13,1,709
Lotlux,Organic needs-based methodology,'2021-11-22','2022-02-11',37,10,183
Y-Solowarm,Extended systematic methodology,'2022-04-09','2022-01-21',90,12,390
Asoka,Polarised local internet solution,'2022-01-02','2022-02-19',60,21,93
Bitwolf,Multi-lateral optimal workforce,'2022-02-27','2021-11-27',39,19,464
Asoka,Total fault-tolerant analyzer,'2022-01-27','2021-10-28',4,7,637
Holdlamis,Proactive attitude-oriented matrix,'2021-12-24','2022-06-03',67,8,74
Duobam,Seamless reciprocal groupware,'2022-04-28','2021-12-14',24,16,185
Kanlam,Upgradable background hub,'2021-09-28','2022-04-14',61,19,644
Ronstring,Secured systemic Graphic Interface,'2021-10-28','2022-08-29',12,20,604
Sonair,Phased holistic methodology,'2022-08-11','2022-08-20',80,7,257
Ronstring,Profound clear-thinking firmware,'2022-04-16','2021-12-20',54,15,820
Latlux,Intuitive reciprocal secured line,'2022-04-28','2022-09-15',77,9,755
Subin,Grass-roots background definition,'2022-01-22','2022-09-05',34,22,687
Flexidy,Networked object-oriented project,'2022-04-08','2021-12-29',38,20,965
Prodder,Streamlined 6th generation approach,'2022-04-13','2022-08-15',28,30,25
Regrant,Multi-layered intangible definition,'2022-01-17','2022-02-25',61,32,281
Keylex,Down-sized contextually-based knowledge user,'2022-06-24','2022-05-22',64,26,264
Pannier,Secured 6th generation ability,'2021-11-24','2022-03-11',89,13,403
Veribet,Fully-configurable uniform alliance,'2021-10-25','2021-12-29',11,19,757
Vagram,Stand-alone systematic strategy,'2022-07-29','2021-11-11',18,31,639
Keylex,Polarised bandwidth-monitored portal,'2021-11-11','2022-02-15',23,11,336
Solarbreeze,Seamless real-time application,'2022-03-03','2022-05-25',5,6,895
Temp,Polarised optimal secured line,'2022-06-12','2021-11-21',38,21,342
Temp,Reverse-engineered composite conglomeration,'2022-05-06','2022-02-20',65,24,456
Bitchip,Horizontal optimal intranet,'2022-01-26','2022-02-16',84,33,528
Cardify,Balanced heuristic knowledge user,'2022-07-19','2021-12-18',99,13,470
Keylex,Programmable disintermediate core,'2022-04-27','2021-10-04',12,27,569
Matsoft,Adaptive incremental productivity,'2022-05-26','2021-09-20',3,19,186
Y-find,Diverse optimizing time-frame,'2022-07-22','2022-09-15',19,9,29
Asoka,Decentralized neutral core,'2022-04-17','2022-06-09',63,11,940
Subin,Re-engineered zero administration parallelism,'2022-04-03','2022-08-18',92,22,506
Lotstring,Visionary executive forecast,'2022-05-03','2021-11-26',95,17,540
Stronghold,Up-sized methodical time-frame,'2022-07-15','2022-09-02',4,7,605
Tres-Zap,Centralized encompassing local area network,'2022-09-12','2022-05-02',81,19,50
Flexidy,Configurable user-facing groupware,'2022-05-21','2022-07-25',70,24,413
Lotstring,Programmable modular knowledge user,'2021-12-04','2022-07-06',67,22,242
Stringtough,Customer-focused client-server open architecture,'2022-08-27','2021-12-23',10,26,452
Alpha,Intuitive 5th generation local area network,'2022-04-05','2021-10-08',54,8,134
Keylex,Ameliorated client-server knowledge user,'2022-09-01','2022-01-26',69,29,491
Kanlam,Right-sized disintermediate extranet,'2022-03-17','2022-03-05',29,26,428
Biodex,Secured well-modulated help-desk,'2022-04-11','2022-03-20',4,21,175
Toughjoyfax,Robust optimizing product,'2022-06-10','2022-03-17',81,13,40
Cookley,Inverse eco-centric intranet,'2022-07-28','2021-11-15',3,15,220
Tin,Front-line content-based neural-net,'2022-04-17','2021-11-09',40,2,379
Zathin,Reverse-engineered web-enabled projection,'2022-02-20','2021-12-11',12,2,192
Otcom,Robust dynamic knowledge user,'2022-09-14','2022-05-19',68,15,444
Mat Lam Tam,Universal uniform function,'2022-01-09','2022-01-28',9,30,814
Konklab,Future-proofed logistical definition,'2021-09-22','2021-11-01',28,30,898
Flexidy,Distributed systematic functionalities,'2022-05-23','2021-11-18',83,5,685
Trippledex,Managed zero tolerance orchestration,'2021-11-18','2022-09-05',70,33,908
Holdlamis,Public-key discrete productivity,'2022-08-27','2022-06-13',41,22,766
Andalax,Vision-oriented modular migration,'2021-10-09','2022-03-31',39,30,910
Fixflex,Exclusive reciprocal installation,'2022-07-18','2022-03-27',54,35,659
Cookley,Synergized composite function,'2022-05-25','2021-09-26',73,11,927
Tresom,Adaptive holistic benchmark,'2022-05-15','2022-07-09',76,13,308
Mat Lam Tam,Networked hybrid attitude,'2022-05-15','2022-05-29',29,11,940
Overhold,Optional demand-driven forecast,'2022-06-22','2021-12-05',63,4,35
Cardguard,Persevering exuding focus group,'2022-01-21','2022-07-11',91,34,663
Bytecard,Horizontal client-server local area network,'2022-01-11','2022-01-01',72,6,18
Vagram,Profound multimedia infrastructure,'2022-02-08','2022-04-23',64,13,281
Voyatouch,Fundamental secondary algorithm,'2022-02-22','2022-08-24',34,9,747
Bitwolf,Re-contextualized non-volatile challenge,'2022-05-10','2022-07-16',94,4,184
Rank,Implemented 5th generation paradigm,'2022-08-17','2022-01-25',78,6,453
Flexidy,Future-proofed mission-critical synergy,'2022-05-28','2022-08-25',48,27,401
Sub-Ex,Extended well-modulated throughput,'2022-02-26','2022-04-01',23,6,515
Prodder,Networked foreground open architecture,'2021-11-26','2022-01-26',39,15,26
Stronghold,Automated zero tolerance approach,'2022-04-10','2022-06-05',72,2,449
Alphazap,Fully-configurable mobile array,'2022-05-10','2022-02-15',97,22,257
Zamit,Centralized tangible installation,'2022-08-28','2022-04-26',69,10,766
Rank,Assimilated responsive extranet,'2021-12-06','2021-12-20',66,35,59
Redhold,Centralized user-facing frame,'2022-04-06','2021-10-18',17,21,484
Treeflex,Quality-focused leading edge functionalities,'2022-06-24','2022-08-20',43,27,994
Home Ing,Vision-oriented neutral Graphical User Interface,'2021-11-10','2021-12-12',40,6,684
Tres-Zap,Progressive executive toolset,'2022-02-10','2021-11-15',41,18,223
Span,Reverse-engineered foreground open system,'2021-11-27','2021-11-16',49,10,817
Toughjoyfax,Function-based asynchronous support,'2022-05-30','2021-10-22',88,10,362
Cardguard,Balanced 3rd generation hardware,'2022-01-28','2022-02-20',11,12,39
Bitchip,Monitored fresh-thinking archive,'2021-09-20','2022-02-23',94,25,507
Hatity,Sharable multi-state concept,'2022-01-30','2022-08-01',12,14,816
Overhold,Realigned value-added middleware,'2022-02-22','2021-10-15',59,9,815
It,Implemented user-facing website,'2022-05-08','2022-04-14',66,16,572
Duobam,Team-oriented actuating info-mediaries,'2022-04-24','2022-04-08',27,4,766
Latlux,Devolved discrete project,'2021-11-04','2022-07-04',75,35,360
Namfix,Pre-emptive interactive standardization,'2022-06-06','2022-06-23',9,35,661
Fixflex,Adaptive directional encoding,'2022-02-17','2022-08-01',39,16,451
Konklab,Managed content-based standardization,'2021-11-27','2022-01-28',26,35,971
Y-find,Integrated local algorithm,'2022-07-13','2021-09-21',81,18,227
Tres-Zap,Team-oriented 5th generation hardware,'2022-09-12','2022-03-09',87,21,341
Trippledex,Object-based heuristic knowledge user,'2021-09-29','2022-04-27',30,35,324
Tin,Robust multi-state framework,'2022-08-16','2022-01-13',47,8,322
Zontrax,Self-enabling mobile methodology,'2022-02-07','2022-03-01',13,3,15
Voltsillam,Universal composite array,'2022-03-04','2022-04-07',1,24,663
Ronstring,Function-based optimal synergy,'2022-02-19','2022-07-25',93,30,925
Span,Open-architected discrete function,'2022-02-05','2022-01-24',12,28,573
Andalax,Expanded zero administration help-desk,'2021-11-14','2021-12-18',21,24,768
Tin,Polarised 24/7 artificial intelligence,'2021-11-07','2022-02-11',49,3,816
Lotlux,Decentralized secondary access,'2022-02-25','2021-11-30',27,4,114
Voyatouch,Multi-tiered 6th generation monitoring,'2021-09-16','2021-11-22',87,27,60
Transcof,Profit-focused directional structure,'2022-01-09','2022-04-29',28,29,525
Redhold,Decentralized demand-driven flexibility,'2022-08-09','2022-03-16',89,12,785
Rank,Self-enabling mobile extranet,'2022-01-23','2022-03-11',83,9,175
Voyatouch,Down-sized mobile matrix,'2022-09-04','2021-11-19',0,2,85
Job,Automated background model,'2022-03-18','2022-01-11',20,10,664
Overhold,Profound content-based website,'2022-07-19','2022-09-04',12,26,506
Zaam-Dox,Vision-oriented fresh-thinking help-desk,'2022-05-24','2022-01-21',47,15,812
Regrant,Diverse uniform attitude,'2021-10-08','2022-04-17',27,9,950
Y-Solowarm,Total 4th generation synergy,'2022-02-22','2022-04-06',85,28,936
Mat Lam Tam,Monitored needs-based service-desk,'2021-10-07','2021-10-22',60,17,824
Tresom,Total optimal forecast,'2022-07-25','2021-12-02',16,23,170
Flexidy,Persevering logistical matrices,'2022-08-04','2022-06-16',56,3,934
Alpha,Customizable mission-critical productivity,'2022-05-26','2022-08-18',0,29,464
Daltfresh,Reactive intermediate emulation,'2022-07-01','2022-07-19',47,24,341
Zamit,Phased intermediate array,'2022-06-19','2021-10-28',4,8,525
Zaam-Dox,Synergized fault-tolerant architecture,'2022-01-17','2022-07-27',62,9,744
Tresom,Adaptive bandwidth-monitored process improvement,'2022-06-17','2022-05-07',18,13,363
Trippledex,Business-focused systematic service-desk,'2021-10-24','2021-12-18',54,24,201
Toughjoyfax,Advanced clear-thinking groupware,'2022-02-23','2021-10-18',3,23,351
Keylex,Ergonomic user-facing hub,'2022-04-22','2021-10-15',95,24,460
Zathin,Front-line leading edge superstructure,'2021-10-28','2022-09-06',98,31,646
Zoolab,Ameliorated motivating conglomeration,'2022-02-11','2022-02-18',71,1,245
Cardify,Vision-oriented global ability,'2022-05-20','2021-12-17',20,28,651
Sonsing,Upgradable empowering knowledge base,'2022-03-25','2022-02-24',74,12,221
Kanlam,Integrated didactic customer loyalty,'2022-05-28','2022-02-27',49,34,613
Zamit,Proactive discrete archive,'2022-07-15','2022-05-30',92,18,202
Zontrax,Fully-configurable next generation hub,'2021-12-14','2022-04-13',72,32,429
Zamit,Self-enabling well-modulated standardization,'2022-08-04','2022-08-24',85,20,814
Sub-Ex,Configurable hybrid local area network,'2022-02-01','2021-12-02',71,14,558
Wrapsafe,Monitored dedicated complexity,'2022-04-10','2022-09-01',87,15,224
Tres-Zap,Configurable leading edge methodology,'2021-11-05','2022-03-04',83,33,81
Namfix,Total solution-oriented encoding,'2022-01-27','2022-02-20',42,32,40
Cookley,Cross-platform analyzing knowledge user,'2021-10-16','2022-03-08',80,5,738
Keylex,Monitored object-oriented software,'2022-02-21','2022-08-13',64,11,807
Tresom,Ergonomic 5th generation internet solution,'2021-12-18','2022-01-02',94,25,417
Daltfresh,Multi-lateral asymmetric migration,'2022-09-09','2022-03-11',24,16,227
Cardify,Multi-channelled 24/7 capacity,'2022-09-15','2022-03-31',45,24,427
Pannier,Customer-focused dynamic array,'2021-11-20','2022-07-02',31,15,589
Keylex,Sharable multi-tasking concept,'2022-01-17','2022-06-06',30,9,40
Duobam,Progressive discrete access,'2022-07-28','2022-04-07',71,3,325
Zamit,Implemented global complexity,'2022-02-24','2022-09-03',54,32,444
Y-find,Optimized grid-enabled monitoring,'2021-12-29','2022-03-08',58,23,93
Daltfresh,Extended transitional adapter,'2022-09-10','2022-07-10',64,13,12
Daltfresh,Multi-channelled heuristic attitude,'2021-11-09','2022-08-11',77,11,553
Aerified,Self-enabling optimal framework,'2021-11-03','2022-08-07',79,15,85
Tres-Zap,Persistent logistical Graphic Interface,'2022-02-01','2022-01-29',38,24,847
Zaam-Dox,Organic grid-enabled firmware,'2022-02-23','2022-09-02',82,31,530
Stringtough,Advanced 6th generation implementation,'2022-01-06','2021-11-15',84,21,325
Solarbreeze,Decentralized neutral website,'2021-12-17','2022-02-13',4,31,146
Stringtough,Fundamental impactful extranet,'2021-12-27','2022-08-01',13,2,201
Tres-Zap,User-centric asymmetric open architecture,'2022-01-01','2021-11-05',94,1,188
Solarbreeze,Public-key neutral implementation,'2022-05-07','2022-08-14',87,12,67
Tresom,User-centric dedicated application,'2022-01-11','2022-01-16',33,30,782
Ronstring,Down-sized leading edge firmware,'2022-08-23','2022-08-27',51,29,222
Bigtax,Business-focused composite leverage,'2021-10-24','2022-07-19',64,32,686
Home Ing,Ameliorated human-resource flexibility,'2022-03-16','2022-02-21',51,35,802
Overhold,Right-sized reciprocal projection,'2022-02-19','2022-04-15',38,5,809
Rank,Innovative zero tolerance model,'2022-08-22','2022-05-09',35,15,604
Solarbreeze,Digitized 24 hour algorithm,'2022-02-11','2022-02-07',68,19,487
Y-Solowarm,Robust 5th generation orchestration,'2021-11-09','2022-01-19',100,34,380
Overhold,Extended mission-critical synergy,'2022-02-28','2021-09-30',69,29,158
Tresom,Public-key uniform alliance,'2021-12-11','2022-07-29',45,17,284
Cardify,Quality-focused coherent matrices,'2022-04-23','2022-08-06',15,13,96
Solarbreeze,Visionary executive capacity,'2022-01-25','2022-08-25',79,19,914
Y-Solowarm,Realigned next generation customer loyalty,'2021-10-21','2021-11-29',69,3,126
Mat Lam Tam,Switchable regional focus group,'2021-11-19','2022-05-24',100,11,604
Redhold,Advanced neutral success,'2022-07-11','2021-11-24',52,2,601
Sub-Ex,Focused homogeneous function,'2022-04-07','2022-06-30',20,11,984
Tampflex,Multi-channelled asynchronous function,'2021-11-03','2022-09-01',80,27,207
Mat Lam Tam,Extended executive focus group,'2022-05-23','2022-04-07',75,35,687
Redhold,Streamlined zero defect task-force,'2022-07-14','2021-12-09',96,6,309
Latlux,Ameliorated clear-thinking infrastructure,'2022-07-11','2021-11-16',54,15,858
Bitwolf,Expanded asymmetric strategy,'2022-06-12','2022-07-28',90,3,714
Lotlux,Realigned global collaboration,'2021-12-02','2022-08-13',84,18,299
Tres-Zap,Networked disintermediate internet solution,'2022-01-19','2021-11-05',30,25,611
Bamity,Horizontal dedicated synergy,'2022-06-03','2022-05-07',42,34,148
Mat Lam Tam,Universal zero administration frame,'2021-10-08','2022-08-23',84,29,618
Andalax,Cross-platform solution-oriented website,'2021-11-17','2021-10-09',89,21,556
Regrant,Innovative even-keeled website,'2021-11-06','2021-12-25',67,16,401
It,Synergistic system-worthy algorithm,'2022-09-07','2022-08-13',61,6,599
Lotlux,Devolved scalable Graphical User Interface,'2021-11-17','2022-06-29',48,8,220
Matsoft,Re-engineered eco-centric framework,'2022-06-02','2022-02-17',88,6,661
Rank,Proactive bottom-line array,'2021-12-22','2021-12-12',59,4,316
Daltfresh,Reverse-engineered neutral methodology,'2022-06-17','2021-11-11',3,6,619
Sub-Ex,De-engineered methodical superstructure,'2021-12-05','2022-03-26',93,10,245
Y-Solowarm,Innovative methodical Graphical User Interface,'2022-07-02','2022-04-08',16,32,428
Fix San,Monitored leading edge matrices,'2022-03-18','2021-10-22',62,11,310
Asoka,Switchable user-facing parallelism,'2022-08-18','2022-03-02',2,18,567
Veribet,Up-sized web-enabled monitoring,'2022-08-11','2022-06-26',74,20,196
Mat Lam Tam,Profit-focused didactic database,'2021-10-19','2022-08-31',34,2,424
Fix San,Stand-alone asynchronous algorithm,'2022-04-23','2022-04-25',78,3,395
Voyatouch,Multi-layered dynamic customer loyalty,'2022-08-17','2022-05-30',85,22,611
Konklux,Multi-tiered system-worthy support,'2022-02-11','2022-02-28',32,14,600
Fintone,Horizontal global software,'2022-03-31','2022-06-26',15,3,245
Fix San,Seamless encompassing project,'2022-08-14','2022-02-16',45,20,562
Holdlamis,Fundamental client-driven productivity,'2021-12-11','2022-03-05',98,2,296
Zontrax,Open-source clear-thinking structure,'2022-05-11','2021-09-27',94,20,340
Sub-Ex,Face to face demand-driven open system,'2022-08-03','2022-05-08',0,5,769
Zamit,Customer-focused mission-critical policy,'2022-08-29','2022-08-28',82,20,222
Ventosanzap,Balanced static info-mediaries,'2022-06-23','2021-12-25',18,7,107
Quo Lux,Open-source holistic concept,'2022-03-31','2021-12-01',40,15,609
Solarbreeze,Compatible modular system engine,'2022-04-12','2022-08-28',48,2,603
Domainer,Multi-lateral hybrid utilisation,'2021-12-18','2022-06-10',19,4,782
Prodder,Open-architected leading edge hierarchy,'2022-08-15','2022-01-02',46,12,585
Bigtax,Self-enabling neutral archive,'2021-10-18','2021-10-04',43,28,954
Bitchip,User-friendly reciprocal throughput,'2022-05-17','2021-12-08',97,35,85
Aerified,Customizable non-volatile groupware,'2021-12-23','2022-03-25',24,5,120
Rank,Open-architected upward-trending groupware,'2022-06-02','2022-03-29',56,19,208
Lotlux,Diverse discrete artificial intelligence,'2022-06-06','2022-04-20',53,14,148
Tresom,Devolved real-time project,'2022-04-15','2022-06-09',17,35,384
Keylex,Streamlined heuristic website,'2022-06-08','2022-04-01',33,28,924
Ventosanzap,Cross-platform system-worthy matrix,'2022-01-11','2021-11-18',5,4,262
Zamit,Devolved tangible frame,'2022-05-29','2022-05-04',55,20,354
Bigtax,Persistent human-resource capacity,'2022-03-15','2022-01-08',5,8,862
Cookley,Cross-platform motivating projection,'2022-04-04','2021-11-12',89,13,769
Stronghold,Stand-alone interactive help-desk,'2021-10-03','2022-05-24',56,9,233
Fixflex,Universal methodical monitoring,'2022-03-21','2022-02-19',31,22,390
Mat Lam Tam,Secured needs-based project,'2022-05-19','2022-03-03',14,13,621
Quo Lux,Cross-platform background matrices,'2022-01-14','2022-03-26',39,2,816
Zontrax,Re-engineered dynamic middleware,'2021-12-21','2022-02-17',81,7,947
Transcof,Programmable zero tolerance throughput,'2022-03-06','2021-11-19',99,20,415
Otcom,Implemented client-driven forecast,'2022-07-01','2022-01-10',100,23,465
Pannier,Phased dynamic open system,'2022-03-19','2021-11-27',84,19,965
Sonsing,Programmable fresh-thinking workforce,'2022-03-03','2022-08-06',12,7,499
Sub-Ex,Face to face secondary archive,'2022-06-08','2022-01-24',21,1,303
Flowdesk,Decentralized bifurcated help-desk,'2021-11-13','2021-11-21',55,23,691
Span,Profit-focused needs-based productivity,'2022-04-02','2022-05-02',22,2,867
Zamit,User-friendly mobile interface,'2022-03-13','2022-07-16',40,17,345
Alpha,Enhanced optimizing extranet,'2022-03-20','2021-10-13',71,23,11
Tampflex,Right-sized attitude-oriented matrix,'2022-05-10','2021-09-30',11,29,547
Alpha,Centralized solution-oriented attitude,'2021-10-11','2022-08-01',6,34,99
Hatity,Secured coherent complexity,'2022-06-22','2022-01-21',53,33,789
Quo Lux,Switchable human-resource model,'2022-03-22','2022-05-07',58,5,482
Toughjoyfax,Horizontal multi-state infrastructure,'2021-10-19','2022-06-08',34,25,747
Transcof,Re-contextualized heuristic pricing structure,'2021-11-06','2022-03-06',65,5,146
Zamit,Reduced foreground success,'2022-03-08','2022-01-13',47,31,103
Temp,Cross-group multi-state algorithm,'2022-08-30','2021-12-27',51,7,592
Cardify,User-friendly incremental collaboration,'2021-12-14','2022-08-18',50,23,467
Flexidy,Customer-focused directional hardware,'2021-11-14','2021-11-12',96,19,120
Solarbreeze,Centralized national parallelism,'2022-05-31','2021-12-08',20,20,37
Aerified,Ergonomic grid-enabled hub,'2021-10-24','2022-01-23',5,7,260
Tresom,Ergonomic 24/7 functionalities,'2022-02-01','2022-09-10',1,3,19
Namfix,Customizable scalable project,'2022-04-13','2022-07-11',74,24,111
Greenlam,Organized secondary circuit,'2022-03-03','2022-03-31',3,32,555
Mat Lam Tam,User-friendly transitional adapter,'2022-08-31','2022-07-10',87,4,988
Latlux,Cross-group intermediate product,'2022-08-14','2022-02-04',73,10,814
Prodder,Devolved fault-tolerant collaboration,'2022-02-13','2021-10-05',67,22,530
Quo Lux,Object-based intangible benchmark,'2021-11-10','2021-10-20',10,9,229
Toughjoyfax,Configurable 24 hour focus group,'2022-05-02','2022-06-27',94,29,758
Biodex,Exclusive real-time support,'2022-04-26','2021-10-26',97,7,86
Alpha,Sharable contextually-based database,'2022-02-24','2021-12-13',10,5,111
Bigtax,Object-based composite adapter,'2022-01-03','2022-07-24',30,22,920
Fintone,Expanded client-server encryption,'2022-09-09','2021-10-10',18,17,79
Alpha,Sharable 24/7 array,'2022-07-18','2022-04-22',68,34,5
Sonsing,Synchronised reciprocal installation,'2022-02-08','2022-06-28',63,28,536
Quo Lux,Reactive contextually-based portal,'2022-08-16','2022-02-25',79,17,307
Zoolab,Exclusive bi-directional service-desk,'2022-02-19','2022-01-05',69,3,987
Transcof,Triple-buffered clear-thinking synergy,'2022-08-05','2022-05-14',73,9,590
Stronghold,Advanced client-driven pricing structure,'2022-03-01','2022-04-27',76,5,240
Opela,Operative methodical approach,'2022-03-24','2022-04-11',85,23,648
Alpha,Polarised 3rd generation leverage,'2022-02-08','2022-01-29',56,28,682
Opela,Universal background open architecture,'2022-01-15','2022-04-16',90,26,808
Holdlamis,Organic bandwidth-monitored collaboration,'2022-08-09','2022-07-22',4,32,590
Ventosanzap,Organic real-time challenge,'2021-10-25','2022-08-25',69,23,889
Daltfresh,Customer-focused asynchronous knowledge user,'2022-03-03','2022-09-15',77,10,3
Tres-Zap,Re-contextualized stable adapter,'2021-12-06','2022-01-30',12,28,823
Voltsillam,Versatile interactive approach,'2022-04-28','2022-08-13',82,23,722
Sonsing,Visionary didactic Graphic Interface,'2022-07-19','2021-12-09',20,33,632
It,Distributed clear-thinking secured line,'2021-11-24','2021-12-18',4,17,428
Flowdesk,Exclusive systematic intranet,'2022-02-03','2022-02-08',46,3,955
Cardify,Triple-buffered system-worthy architecture,'2022-08-20','2022-02-24',87,3,83
Konklab,Total system-worthy data-warehouse,'2022-03-26','2022-04-01',88,32,602
Stringtough,Face to face full-range methodology,'2022-05-05','2022-06-03',74,7,890
Zaam-Dox,Fundamental next generation Graphical User Interface,'2022-03-12','2022-08-02',46,31,195
Fix San,Programmable human-resource orchestration,'2022-07-16','2021-11-11',27,9,665
Bigtax,Progressive systematic circuit,'2021-10-03','2022-02-06',54,7,247
Biodex,Programmable system-worthy orchestration,'2021-12-17','2021-09-25',41,14,460
Zaam-Dox,Re-engineered regional application,'2021-12-01','2021-10-18',31,2,240
Y-find,Ergonomic system-worthy info-mediaries,'2021-11-28','2022-09-14',12,23,782
Quo Lux,Automated discrete matrices,'2022-09-08','2021-11-21',43,27,135
Zoolab,Polarised grid-enabled utilisation,'2021-11-20','2021-10-03',13,2,745
Asoka,Operative holistic challenge,'2022-03-24','2021-09-22',84,24,406
Asoka,Multi-tiered interactive budgetary management,'2022-07-25','2021-10-03',74,10,84
Zontrax,Enhanced interactive superstructure,'2022-01-19','2022-06-12',68,8,271
Prodder,Upgradable demand-driven challenge,'2022-02-28','2022-06-04',69,4,920
Zamit,Monitored bifurcated database,'2022-06-19','2022-08-06',61,17,328
Otcom,Virtual upward-trending matrices,'2022-03-26','2021-11-12',41,6,198
Alphazap,Decentralized discrete forecast,'2022-09-01','2022-06-23',8,6,631
Tin,Stand-alone bi-directional collaboration,'2021-10-11','2021-11-12',6,33,104
Prodder,Object-based 4th generation extranet,'2022-08-29','2022-07-08',88,18,809
Regrant,Fully-configurable holistic internet solution,'2022-09-14','2022-01-24',11,5,898
Regrant,Re-engineered mission-critical definition,'2022-08-09','2022-03-08',50,30,952
Biodex,Ergonomic leading edge process improvement,'2021-12-26','2022-02-28',90,5,244
Pannier,Stand-alone regional initiative,'2022-01-28','2022-04-10',23,33,897
Quo Lux,Cloned explicit function,'2022-02-12','2022-07-19',42,1,828
Solarbreeze,Extended discrete website,'2022-06-11','2022-09-07',6,15,425
Flowdesk,Cloned uniform toolset,'2022-02-13','2022-04-17',43,12,30
Daltfresh,User-friendly heuristic matrix,'2022-06-24','2022-06-18',72,31,242
Span,User-friendly uniform knowledge base,'2022-02-17','2021-11-03',77,20,681
Andalax,Automated full-range parallelism,'2021-12-29','2022-04-04',35,8,451
Greenlam,Enterprise-wide context-sensitive help-desk,'2022-01-24','2022-06-09',9,33,338
Voyatouch,Object-based 24/7 utilisation,'2022-08-16','2022-06-04',1,34,519
Biodex,Digitized directional leverage,'2022-06-15','2021-11-17',1,27,752
Alphazap,Business-focused 24 hour parallelism,'2021-11-16','2022-04-20',19,15,656
Temp,Automated executive website,'2022-08-23','2022-01-16',79,4,522
Overhold,Digitized client-driven flexibility,'2021-09-21','2022-01-24',59,15,650
Cookley,Enhanced dynamic local area network,'2022-01-24','2022-08-11',79,33,769
Vagram,Fully-configurable impactful initiative,'2022-07-18','2022-04-04',12,5,249
Stronghold,Function-based eco-centric website,'2022-07-21','2022-08-01',90,29,944
Job,Implemented dedicated superstructure,'2022-06-06','2022-08-21',88,33,387
Span,Streamlined object-oriented hub,'2021-12-06','2022-04-07',90,1,257
Prodder,Team-oriented disintermediate synergy,'2022-07-01','2022-01-23',85,24,791
Bytecard,Ameliorated discrete emulation,'2022-01-13','2022-05-26',48,2,528
Otcom,Visionary human-resource ability,'2021-11-08','2022-09-15',21,16,412
Zoolab,Proactive scalable encoding,'2021-12-12','2022-06-12',3,14,790
Tres-Zap,Polarised mission-critical Graphic Interface,'2021-11-10','2021-10-15',43,25,529
Vagram,Stand-alone asynchronous strategy,'2022-01-28','2022-04-26',94,19,230
Rank,Centralized asynchronous methodology,'2021-11-15','2022-05-18',1,8,832
Domainer,Mandatory multimedia Graphic Interface,'2022-05-22','2022-04-21',85,3,610
Bamity,Visionary empowering framework,'2021-12-22','2022-04-26',58,15,393
Tresom,Synergized optimizing budgetary management,'2022-04-10','2021-12-25',6,27,748
Trippledex,Team-oriented 4th generation hardware,'2022-02-18','2021-10-18',12,23,501
Lotstring,Team-oriented secondary model,'2022-05-08','2022-01-19',3,30,641
Gembucket,Grass-roots bifurcated policy,'2021-09-19','2022-07-09',11,25,907
Fixflex,Re-contextualized discrete contingency,'2021-09-22','2022-02-03',41,30,237
Y-Solowarm,Quality-focused grid-enabled frame,'2022-09-05','2022-02-09',7,29,960
Stim,Grass-roots optimal hub,'2022-08-21','2021-10-31',17,18,989
Opela,Switchable bifurcated frame,'2022-03-22','2021-10-23',26,21,521
Latlux,Assimilated incremental moratorium,'2022-07-15','2022-05-13',0,22,819
Transcof,Robust asymmetric moderator,'2022-04-12','2022-01-11',38,7,683
Sonair,Customer-focused content-based product,'2021-10-08','2022-05-22',94,16,803
Bitchip,Quality-focused optimal neural-net,'2022-07-08','2022-05-01',6,35,763
Rank,Multi-channelled demand-driven structure,'2021-12-18','2022-08-25',64,12,802
Lotstring,Self-enabling reciprocal capacity,'2021-10-22','2021-10-10',66,13,266
Bigtax,Expanded zero tolerance projection,'2022-08-10','2022-07-24',55,25,867
Overhold,Centralized radical functionalities,'2022-03-19','2022-02-01',52,12,85
Trippledex,Inverse regional infrastructure,'2022-06-13','2022-02-19',51,21,915
Trippledex,Pre-emptive interactive adapter,'2022-01-19','2022-02-06',95,35,306
Lotstring,Open-architected dedicated artificial intelligence,'2022-06-16','2021-09-25',12,14,863
Matsoft,Quality-focused global encryption,'2021-11-04','2022-09-04',54,26,684
Prodder,Implemented homogeneous implementation,'2022-03-12','2022-05-24',33,3,999
Bitchip,Distributed holistic attitude,'2022-05-28','2022-05-12',21,20,521
Domainer,Robust asynchronous firmware,'2022-02-09','2021-11-08',57,19,437
Job,Intuitive bi-directional pricing structure,'2022-01-03','2021-12-06',96,23,818
Flexidy,Balanced cohesive focus group,'2021-12-18','2022-05-20',99,28,179
Konklux,Realigned analyzing strategy,'2022-06-12','2022-07-22',11,31,461
Transcof,Enhanced 24 hour utilisation,'2021-11-28','2022-01-06',100,8,222
Gembucket,Digitized multi-state middleware,'2022-02-07','2022-03-08',12,9,682
Flexidy,Up-sized asymmetric database,'2022-08-16','2022-06-24',65,28,946
Overhold,Cross-group reciprocal archive,'2022-06-25','2022-06-25',10,17,993
Hatity,Configurable high-level middleware,'2021-11-22','2021-10-28',37,22,95
Cookley,Operative coherent standardization,'2021-11-15','2021-12-13',37,33,657
Hatity,Multi-layered reciprocal ability,'2022-01-14','2022-06-05',17,17,334
Fix San,Digitized well-modulated archive,'2021-09-21','2022-01-09',14,1,925
Alphazap,Fundamental actuating infrastructure,'2022-02-02','2022-08-26',72,34,122
Pannier,Phased multimedia customer loyalty,'2022-04-28','2022-05-01',100,11,382
Treeflex,Operative tangible algorithm,'2022-06-07','2022-05-15',81,23,376
Job,Synergistic 4th generation intranet,'2022-05-06','2021-10-17',30,10,115
Span,Polarised impactful neural-net,'2021-10-02','2021-12-21',11,28,943
Y-find,Front-line hybrid local area network,'2022-02-08','2022-08-10',3,17,292
Stronghold,Optional logistical paradigm,'2022-05-03','2022-01-10',57,21,679
Cardify,De-engineered neutral protocol,'2022-06-03','2022-06-25',5,12,661
Sub-Ex,Compatible modular local area network,'2022-01-11','2021-12-10',70,17,21
Wrapsafe,Programmable well-modulated structure,'2022-06-19','2022-09-05',61,31,266
Fixflex,Advanced 4th generation core,'2022-05-22','2022-05-29',90,6,879
Alpha,Implemented holistic instruction set,'2022-08-16','2022-09-13',33,10,619
Toughjoyfax,Advanced tertiary contingency,'2022-04-10','2022-03-25',90,24,394
Temp,Streamlined zero tolerance circuit,'2022-07-05','2022-05-07',71,29,676
Vagram,User-friendly explicit solution,'2022-07-29','2022-03-23',81,18,762
Tresom,Triple-buffered context-sensitive open architecture,'2022-01-28','2022-02-04',29,31,7
Sub-Ex,Expanded attitude-oriented artificial intelligence,'2022-04-20','2022-01-07',97,24,756
Prodder,Polarised zero defect support,'2021-12-25','2022-08-24',78,17,816
Treeflex,Centralized grid-enabled matrices,'2022-01-05','2022-05-05',8,11,423
Andalax,Extended solution-oriented solution,'2021-11-20','2022-05-21',21,32,981
Hatity,Multi-tiered systemic project,'2022-09-01','2022-08-29',77,25,571
Sonsing,Adaptive multi-state instruction set,'2021-09-23','2022-02-04',29,5,295
Fix San,Mandatory responsive paradigm,'2021-10-16','2022-08-20',92,23,275
Asoka,Digitized systemic ability,'2022-05-06','2022-02-13',35,16,375
Y-find,Reactive heuristic product,'2022-03-04','2022-07-01',91,23,802
Matsoft,Vision-oriented transitional utilisation,'2022-06-20','2022-03-07',92,11,744
Duobam,Function-based holistic pricing structure,'2021-09-18','2022-05-25',22,20,753
Zaam-Dox,Open-architected holistic projection,'2021-10-26','2021-09-16',24,14,643
Zamit,Advanced radical data-warehouse,'2022-04-26','2022-06-29',93,32,474
Job,Multi-lateral methodical benchmark,'2021-12-16','2022-08-22',98,9,965
Home Ing,Proactive zero administration website,'2022-06-09','2021-09-27',88,5,454
Treeflex,Self-enabling didactic array,'2022-05-30','2022-04-12',56,30,656
Sonsing,Total well-modulated attitude,'2022-03-16','2022-04-28',28,31,171
Bigtax,Operative client-driven leverage,'2022-09-05','2022-07-25',69,30,949
Matsoft,Grass-roots intangible protocol,'2021-10-05','2021-11-11',39,15,632
Alpha,Function-based human-resource matrices,'2021-09-16','2021-10-02',36,22,195
Tampflex,Optional foreground emulation,'2022-01-10','2022-04-28',10,2,120
Trippledex,Multi-tiered human-resource customer loyalty,'2022-03-19','2022-01-21',18,2,253
Fintone,Distributed dedicated utilisation,'2021-12-06','2022-01-17',90,19,622
Tin,Business-focused zero defect framework,'2022-06-23','2022-02-26',94,7,236
Mat Lam Tam,Monitored asymmetric neural-net,'2022-01-05','2021-09-24',1,28,866
Vagram,Realigned scalable project,'2022-06-09','2021-10-04',49,33,56
Y-find,Advanced context-sensitive migration,'2022-05-20','2022-01-15',59,18,869
Andalax,Object-based mission-critical challenge,'2022-09-10','2021-10-21',10,30,345
Sonair,Open-source system-worthy strategy,'2022-01-08','2021-11-07',15,9,558
Kanlam,Re-contextualized impactful portal,'2022-07-03','2022-02-09',68,34,4
Tres-Zap,Switchable directional task-force,'2022-06-24','2021-10-17',29,20,248
Fixflex,Digitized analyzing software,'2021-10-17','2022-02-06',95,34,365
Cookley,Enhanced impactful solution,'2022-08-25','2022-07-06',13,12,224
Fix San,Distributed global architecture,'2022-05-31','2021-12-20',67,16,226
Regrant,Synergistic scalable conglomeration,'2022-03-30','2022-01-26',56,8,506
It,Automated high-level pricing structure,'2022-01-19','2021-10-02',5,32,641
Bigtax,Reverse-engineered mission-critical function,'2022-04-12','2021-11-16',7,29,551
Stim,Down-sized human-resource leverage,'2021-10-06','2022-01-18',1,8,350
Lotstring,Right-sized logistical approach,'2022-04-11','2021-12-20',29,15,197
Voltsillam,Reduced empowering hub,'2022-06-10','2021-11-16',85,13,494
Trippledex,Seamless optimizing synergy,'2021-10-28','2022-08-15',81,27,290
Greenlam,Advanced directional policy,'2022-04-20','2021-11-25',31,9,908
Domainer,Distributed client-server matrices,'2022-08-02','2021-10-19',14,10,523
Span,User-friendly coherent standardization,'2022-04-30','2021-09-26',5,1,244
Bigtax,Expanded global help-desk,'2021-11-28','2022-05-08',67,25,317
Y-find,Ameliorated optimal toolset,'2022-02-05','2021-11-06',70,27,17
Subin,Innovative analyzing capability,'2021-12-31','2022-05-16',46,2,904
Vagram,Universal radical hub,'2022-05-13','2022-02-17',23,12,963
Zoolab,Reactive context-sensitive Graphic Interface,'2022-09-01','2022-02-25',32,12,906
Treeflex,Cloned heuristic focus group,'2021-11-23','2022-05-10',62,3,929
Stronghold,Business-focused high-level implementation,'2021-12-29','2022-01-03',23,15,668
Zaam-Dox,User-centric system-worthy capacity,'2022-05-05','2022-01-22',38,27,567
Stim,Customizable coherent knowledge user,'2022-02-27','2022-09-01',89,9,944
Trippledex,Team-oriented clear-thinking project,'2022-04-13','2021-11-24',74,6,392
Bigtax,Face to face contextually-based knowledge user,'2021-11-16','2021-10-09',72,19,203
Cookley,Public-key dynamic definition,'2022-05-27','2022-04-03',63,30,769
Holdlamis,Devolved leading edge software,'2021-09-26','2022-01-21',11,30,492
Cookley,Future-proofed uniform knowledge user,'2022-06-18','2021-10-02',96,34,261
Y-find,Customer-focused intangible leverage,'2021-11-28','2021-09-16',12,3,498
Greenlam,Centralized intermediate attitude,'2021-10-17','2022-04-10',66,30,603
Flexidy,Synergized executive middleware,'2022-03-11','2022-01-01',31,24,140
Fixflex,Organic mobile system engine,'2021-12-05','2022-06-06',74,6,116
It,Reactive object-oriented productivity,'2022-02-11','2022-02-05',96,16,280
Ventosanzap,Switchable directional internet solution,'2022-07-25','2022-03-03',82,14,755
Duobam,Future-proofed intangible Graphic Interface,'2022-01-20','2022-08-16',43,21,78
Tempsoft,Managed multi-tasking extranet,'2022-03-01','2022-06-20',97,35,429
Namfix,Object-based tertiary capability,'2022-03-17','2022-02-18',59,10,841
Tresom,Fully-configurable multi-state installation,'2022-04-17','2022-07-22',38,33,853
Hatity,Multi-tiered non-volatile capability,'2021-10-19','2021-11-21',53,22,88
Konklab,Multi-layered coherent info-mediaries,'2021-11-08','2022-07-29',29,13,243
Tres-Zap,Horizontal 6th generation moratorium,'2022-04-25','2022-03-26',88,24,656
Y-find,Cross-platform needs-based local area network,'2022-08-12','2022-07-17',97,20,148
Fintone,Up-sized bifurcated architecture,'2022-05-01','2022-06-10',17,21,9
It,Multi-tiered actuating initiative,'2021-10-08','2022-07-24',34,11,526
Regrant,Cross-group encompassing approach,'2022-09-15','2022-04-13',7,5,308
Stronghold,Function-based intermediate concept,'2022-07-01','2022-01-05',85,24,440
Fixflex,Fundamental human-resource forecast,'2022-06-21','2022-07-14',2,28,147
Bytecard,Multi-tiered static parallelism,'2022-02-19','2021-12-29',17,12,983
Job,Reactive impactful productivity,'2021-10-01','2022-08-22',19,26,738
Y-Solowarm,Face to face value-added help-desk,'2021-09-30','2022-05-25',36,2,368
Subin,Vision-oriented leading edge initiative,'2022-02-17','2021-11-09',37,31,699
Zamit,Mandatory demand-driven toolset,'2022-09-15','2021-09-20',69,3,290
Bitchip,Sharable bifurcated knowledge base,'2022-05-17','2022-03-20',86,27,624
Stronghold,Decentralized bandwidth-monitored attitude,'2022-03-01','2022-03-03',17,31,698
Tempsoft,Automated exuding time-frame,'2022-01-16','2021-10-09',81,31,123
Overhold,Fundamental 24/7 leverage,'2022-04-16','2022-08-27',41,19,920
Bamity,Function-based upward-trending frame,'2021-11-30','2022-06-27',53,23,172
Zaam-Dox,Upgradable next generation success,'2021-09-25','2022-06-17',98,34,50
Gembucket,Reverse-engineered coherent approach,'2022-05-05','2022-03-02',73,30,708
Rank,Re-contextualized web-enabled analyzer,'2021-12-23','2022-07-02',20,13,10
Stringtough,Reactive stable function,'2021-09-18','2022-03-11',53,15,33
Transcof,Automated 4th generation archive,'2021-11-17','2022-01-31',81,33,329
Domainer,Persevering intermediate middleware,'2021-10-25','2021-12-02',3,32,599
Hatity,Self-enabling analyzing encoding,'2021-11-19','2022-02-18',28,26,709
Alphazap,Re-engineered web-enabled parallelism,'2022-09-08','2022-04-28',90,32,769
Span,Adaptive asymmetric infrastructure,'2022-06-20','2021-11-16',79,8,852
Stringtough,Horizontal bandwidth-monitored adapter,'2021-12-18','2021-11-19',95,33,215
Zamit,Profit-focused 6th generation artificial intelligence,'2022-01-07','2022-03-08',88,2,169
Bytecard,Managed neutral success,'2022-04-05','2022-06-21',44,7,475
Regrant,Profound human-resource solution,'2022-01-29','2021-10-14',89,7,23
Daltfresh,Stand-alone human-resource hub,'2021-10-10','2022-02-18',74,16,994
Keylex,Universal coherent knowledge user,'2022-03-20','2022-05-18',98,12,3
Cookley,Progressive exuding strategy,'2022-04-27','2022-06-22',56,11,221
Sonair,Visionary zero defect forecast,'2022-09-08','2022-01-23',63,34,314
Tampflex,Up-sized modular emulation,'2022-05-13','2022-01-11',30,26,53
Hatity,Centralized dedicated leverage,'2022-01-16','2022-08-28',26,26,514
Holdlamis,Function-based leading edge matrices,'2022-06-14','2022-08-12',74,3,690
Kanlam,Re-engineered multi-state infrastructure,'2022-01-16','2022-05-02',68,12,714
Zoolab,Multi-tiered explicit array,'2022-01-20','2022-05-27',9,16,325
Lotlux,Expanded empowering framework,'2022-07-06','2022-02-05',85,2,404
Domainer,Reverse-engineered analyzing attitude,'2021-11-17','2022-01-26',39,16,498
Tempsoft,Customer-focused user-facing forecast,'2022-07-11','2021-10-28',98,25,399
Alphazap,Multi-lateral radical help-desk,'2022-08-21','2022-06-28',100,31,133
Vagram,Synergized solution-oriented software,'2022-04-02','2021-11-29',56,16,284
Bamity,Monitored empowering archive,'2022-01-15','2021-10-10',92,25,10
Holdlamis,Devolved scalable success,'2021-09-25','2022-09-09',83,17,963
Domainer,Realigned demand-driven synergy,'2022-01-09','2022-05-17',29,6,743
Ventosanzap,Grass-roots fresh-thinking time-frame,'2022-02-14','2022-08-06',21,35,181
Temp,Optimized 6th generation toolset,'2022-07-24','2022-05-23',44,29,127
Mat Lam Tam,Persevering intermediate database,'2021-11-06','2022-03-02',36,6,115
Sub-Ex,Function-based secondary installation,'2022-06-19','2022-07-21',30,25,704
Cardify,Re-engineered bifurcated standardization,'2022-02-12','2021-10-17',25,15,650
Voltsillam,Diverse uniform protocol,'2021-09-20','2022-06-18',36,29,823
Tres-Zap,Face to face logistical capability,'2021-11-16','2022-01-21',65,14,275
Sonair,Sharable grid-enabled approach,'2022-03-24','2022-07-09',39,29,721
Bamity,Optional client-server success,'2021-12-08','2022-06-11',24,10,816
Zoolab,Intuitive composite workforce,'2021-12-23','2021-10-03',42,17,214
Konklux,Self-enabling modular solution,'2022-02-01','2022-02-02',72,1,424
Bitchip,Distributed homogeneous time-frame,'2021-11-08','2021-11-18',89,27,959
Cookley,Up-sized logistical capacity,'2021-10-03','2022-02-28',85,6,399
Treeflex,Implemented bottom-line secured line,'2022-03-06','2022-07-18',6,32,175
Zontrax,Triple-buffered hybrid solution,'2021-09-28','2021-09-20',30,18,121
Domainer,Triple-buffered systemic standardization,'2022-02-28','2022-08-06',34,7,424
Hatity,Total zero tolerance hub,'2022-03-05','2022-04-01',77,35,415
Bigtax,Quality-focused fresh-thinking alliance,'2022-05-25','2022-03-05',92,22,271
Fix San,Robust 4th generation interface,'2022-04-14','2022-05-10',92,12,191
Fix San,Configurable fault-tolerant strategy,'2022-09-11','2022-07-14',76,20,865
Bamity,Assimilated didactic open architecture,'2021-10-09','2021-11-18',73,26,528
Quo Lux,Public-key non-volatile toolset,'2022-04-08','2021-09-16',33,12,242
Zamit,Cross-platform static circuit,'2021-12-26','2021-10-01',24,33,680
Hatity,Synergized well-modulated Graphical User Interface,'2022-01-16','2022-05-09',71,3,216
Sub-Ex,Team-oriented bandwidth-monitored adapter,'2022-03-16','2021-11-22',60,27,194
Bytecard,Virtual tangible infrastructure,'2021-10-17','2022-05-10',36,32,307
Ventosanzap,Balanced mobile moderator,'2022-07-30','2022-03-13',17,17,926
Quo Lux,Optimized bifurcated paradigm,'2022-07-03','2021-12-22',73,22,776
Redhold,Multi-tiered maximized internet solution,'2021-10-13','2022-02-02',67,29,111
Redhold,Enterprise-wide high-level collaboration,'2022-06-09','2022-09-15',86,8,458
Gembucket,Object-based value-added artificial intelligence,'2021-10-01','2021-12-06',26,23,596
Zaam-Dox,Distributed bottom-line pricing structure,'2022-02-26','2021-11-09',50,21,883
Domainer,Business-focused upward-trending forecast,'2022-06-21','2022-07-11',100,19,156
Toughjoyfax,Triple-buffered full-range definition,'2021-10-23','2022-07-24',16,13,720
Otcom,Multi-lateral multi-tasking orchestration,'2021-12-26','2021-11-28',34,13,716
Namfix,Compatible systemic ability,'2022-05-10','2021-11-29',37,30,816
Voltsillam,De-engineered modular throughput,'2021-11-14','2022-05-21',23,28,940
Andalax,Open-architected upward-trending parallelism,'2021-10-02','2022-05-01',15,8,638
Lotstring,Public-key content-based superstructure,'2021-11-16','2022-04-30',59,17,853
Kanlam,De-engineered leading edge framework,'2022-04-23','2021-12-12',83,23,655
Tres-Zap,Advanced background strategy,'2021-10-24','2022-01-07',99,33,307
Job,Fundamental coherent challenge,'2021-12-17','2021-11-10',65,5,828
Overhold,Open-source tangible conglomeration,'2021-10-10','2022-05-27',0,18,528
Keylex,Customer-focused well-modulated contingency,'2021-12-04','2022-09-05',31,22,754
Y-find,Virtual value-added info-mediaries,'2022-08-13','2022-05-05',50,12,162
Zathin,Intuitive stable access,'2022-07-30','2022-01-17',11,3,94
It,Switchable next generation application,'2021-11-24','2022-02-18',92,14,396
Alphazap,Right-sized discrete product,'2022-02-12','2022-06-01',99,20,834
Toughjoyfax,Visionary impactful paradigm,'2022-03-01','2022-04-01',94,28,437
Zamit,Digitized fault-tolerant info-mediaries,'2022-06-19','2021-11-26',10,15,854
Cookley,Profit-focused local adapter,'2021-10-27','2022-05-22',66,29,607
Y-find,Organized homogeneous core,'2022-06-25','2021-10-10',96,3,94
Cookley,Vision-oriented optimizing interface,'2021-10-29','2022-09-03',37,32,919
Zaam-Dox,Ergonomic dedicated projection,'2022-02-15','2022-02-25',12,2,28
Gembucket,Robust dedicated moratorium,'2022-03-07','2022-03-17',40,12,883
Overhold,Stand-alone zero administration open system,'2022-09-12','2021-12-11',26,2,930
Mat Lam Tam,Fully-configurable intermediate attitude,'2022-06-28','2021-12-03',51,19,326
Zamit,Advanced national synergy,'2021-10-28','2022-03-25',36,16,470
Sonair,Triple-buffered attitude-oriented analyzer,'2021-09-20','2021-10-03',83,25,188
Tres-Zap,Enhanced asymmetric time-frame,'2021-11-30','2022-08-31',69,15,49
Tres-Zap,Secured uniform array,'2021-09-27','2021-12-12',4,27,743
Span,Customer-focused dynamic knowledge base,'2022-03-28','2022-03-30',66,32,478
Stringtough,Fully-configurable disintermediate challenge,'2022-08-18','2021-12-28',18,34,748
Prodder,Virtual needs-based internet solution,'2021-10-11','2022-07-17',58,28,588
Ronstring,User-centric multi-state software,'2022-01-07','2022-08-31',52,28,580
Tampflex,Customer-focused exuding leverage,'2022-04-02','2021-11-28',80,32,47
Solarbreeze,Future-proofed regional task-force,'2021-09-16','2021-12-23',15,34,196
Kanlam,Advanced systematic orchestration,'2022-04-08','2022-04-05',100,28,394
Keylex,Multi-tiered directional circuit,'2021-09-18','2022-04-07',22,1,470
Quo Lux,Fully-configurable high-level firmware,'2022-07-16','2022-05-07',9,24,433
Cardguard,Reactive multi-state utilisation,'2022-02-11','2022-02-04',71,14,118
Aerified,Up-sized eco-centric leverage,'2022-01-28','2021-12-27',6,29,444
Span,Fully-configurable motivating open architecture,'2022-04-10','2021-11-15',26,8,959
Duobam,Re-engineered executive policy,'2022-05-12','2022-07-26',95,5,420
Bitwolf,Multi-layered exuding Graphical User Interface,'2022-01-07','2022-02-05',10,27,335
Gembucket,Seamless stable benchmark,'2022-04-27','2022-02-20',7,16,376
Zoolab,Organic context-sensitive website,'2022-01-02','2021-11-08',0,25,164
Kanlam,Up-sized dynamic instruction set,'2021-09-16','2022-07-14',46,5,617
Lotstring,Universal upward-trending benchmark,'2021-11-17','2022-01-14',14,23,30
Quo Lux,Operative solution-oriented leverage,'2021-11-17','2021-10-03',97,9,569
Fintone,Synergized intangible instruction set,'2022-04-24','2022-06-03',31,4,271
Overhold,Versatile 24/7 firmware,'2021-12-24','2022-01-25',52,14,521
Holdlamis,Multi-layered intermediate pricing structure,'2022-08-10','2022-02-13',65,16,268
It,Persistent responsive customer loyalty,'2022-05-02','2022-01-23',14,20,109
Tempsoft,Visionary real-time synergy,'2022-01-20','2022-05-06',72,15,504
Zaam-Dox,Sharable 3rd generation migration,'2022-03-08','2022-03-19',95,3,388
It,Sharable logistical throughput,'2022-02-28','2022-02-20',53,18,871
Keylex,Universal upward-trending model,'2022-09-12','2021-10-30',89,17,9
Duobam,Future-proofed well-modulated middleware,'2022-05-14','2022-04-30',59,23,840
Aerified,Compatible maximized solution,'2022-06-05','2021-12-31',63,32,409
Voltsillam,Phased multi-state data-warehouse,'2022-01-17','2021-11-17',43,30,351
Stringtough,De-engineered intermediate portal,'2022-02-10','2021-10-09',45,23,852
Redhold,Organic exuding infrastructure,'2022-05-11','2022-02-08',45,25,764
Gembucket,Extended local functionalities,'2021-10-07','2022-04-07',30,27,927
Treeflex,Focused static emulation,'2021-10-28','2022-08-23',8,20,307
Fintone,Balanced uniform matrix,'2022-02-27','2022-02-23',85,15,823
Namfix,Customizable discrete groupware,'2022-09-09','2021-10-13',76,16,371
Mat Lam Tam,Enterprise-wide 6th generation policy,'2022-08-18','2022-09-09',46,10,605
Quo Lux,Extended stable frame,'2022-06-08','2022-02-21',23,24,936
Alpha,User-friendly mobile capability,'2022-01-23','2022-03-09',45,5,15
Keylex,Progressive 24/7 capability,'2022-03-03','2022-03-11',66,33,349
Tres-Zap,Mandatory 5th generation utilisation,'2022-01-05','2021-10-02',12,30,880
Bitwolf,Business-focused executive extranet,'2022-05-21','2022-01-12',43,17,792
Fix San,Realigned hybrid utilisation,'2022-02-02','2022-05-18',50,10,827
Cardguard,Team-oriented actuating process improvement,'2022-06-04','2022-09-01',92,23,914
Y-Solowarm,Intuitive actuating implementation,'2021-10-15','2022-04-21',50,21,73
Asoka,Universal background contingency,'2021-11-09','2022-06-06',42,7,961
Gembucket,Profound maximized throughput,'2022-03-11','2022-07-04',37,2,858
Veribet,Ameliorated high-level internet solution,'2021-11-18','2022-08-19',19,17,877
Asoka,Down-sized national middleware,'2022-03-21','2022-04-23',56,17,355
Bitwolf,Optimized directional concept,'2022-06-09','2021-11-13',50,31,430
Zathin,Managed web-enabled utilisation,'2022-05-10','2021-12-07',17,3,603
Latlux,Automated impactful instruction set,'2022-07-23','2022-01-18',19,13,308
Wrapsafe,Universal upward-trending framework,'2022-05-13','2022-03-30',76,19,786
Holdlamis,Pre-emptive incremental encoding,'2022-01-23','2022-06-08',4,25,376
Zaam-Dox,Adaptive 3rd generation protocol,'2022-07-22','2022-07-01',66,15,621
Sonsing,Cross-group non-volatile circuit,'2022-05-12','2021-11-25',35,4,859
Job,Switchable dedicated synergy,'2021-12-25','2022-05-17',18,12,285
Wrapsafe,Extended 3rd generation emulation,'2022-03-28','2022-06-16',43,18,29
Veribet,Function-based executive contingency,'2022-06-09','2022-06-09',78,28,577
Temp,Face to face motivating firmware,'2022-02-05','2022-03-06',90,34,556
Toughjoyfax,Object-based intangible solution,'2022-08-31','2021-12-03',39,5,19
Solarbreeze,Team-oriented attitude-oriented strategy,'2022-06-20','2022-09-10',96,15,265
Job,Inverse directional website,'2022-05-27','2021-09-17',52,4,832
Lotlux,Object-based exuding matrix,'2021-12-31','2022-07-23',58,10,454
Subin,Balanced exuding open architecture,'2022-01-27','2022-07-23',5,32,482
Domainer,Multi-channelled multi-tasking knowledge user,'2022-08-21','2022-04-12',71,27,17
Y-Solowarm,Digitized tertiary adapter,'2021-10-14','2022-07-16',38,34,464
Tres-Zap,Ergonomic intermediate success,'2021-11-15','2022-01-03',36,15,429
Daltfresh,Compatible asymmetric archive,'2022-08-07','2022-06-04',49,26,496
Transcof,Reactive multi-state internet solution,'2022-01-28','2022-03-16',66,6,678
Ventosanzap,Implemented object-oriented encoding,'2022-03-31','2022-03-26',23,19,74
Andalax,Fundamental next generation workforce,'2022-01-15','2022-08-14',26,11,875
Voyatouch,Phased optimal moratorium,'2022-06-28','2022-05-27',18,34,201
Bamity,Switchable composite data-warehouse,'2021-11-26','2022-05-08',1,20,779
Gembucket,Exclusive analyzing local area network,'2022-08-22','2022-06-21',82,19,159
Tin,Multi-layered well-modulated internet solution,'2021-11-18','2022-04-01',55,15,455
Keylex,Inverse asynchronous algorithm,'2022-08-15','2022-06-17',27,11,308
Andalax,Automated context-sensitive emulation,'2021-12-08','2021-09-22',74,33,251
Matsoft,Optimized contextually-based throughput,'2022-01-06','2022-08-25',53,24,18
Cardguard,Ergonomic holistic algorithm,'2022-08-19','2022-05-06',23,3,156
Keylex,Integrated 24 hour infrastructure,'2021-12-17','2022-06-24',41,26,956
Flowdesk,Automated upward-trending productivity,'2022-01-15','2022-02-03',90,10,836
Greenlam,Diverse multi-tasking migration,'2022-02-16','2022-02-09',87,28,217
Tin,Customizable responsive product,'2022-05-23','2022-05-21',13,25,141
Tampflex,Open-source neutral attitude,'2021-12-21','2021-11-30',5,29,819
Flexidy,Focused modular protocol,'2021-11-18','2021-10-11',79,4,780
Fintone,Multi-lateral web-enabled concept,'2021-11-04','2022-08-28',40,35,445
Redhold,Phased neutral success,'2021-12-02','2022-05-08',88,11,864
Redhold,Team-oriented dedicated structure,'2021-11-25','2022-04-08',66,15,586
Zamit,User-centric bottom-line support,'2022-02-03','2022-07-05',60,12,5
Alpha,Proactive asymmetric standardization,'2022-09-01','2022-07-10',31,33,288
Quo Lux,Devolved demand-driven time-frame,'2021-11-13','2022-06-02',47,4,486
Redhold,Innovative systematic alliance,'2022-09-11','2022-07-12',23,34,349
Tempsoft,Monitored system-worthy internet solution,'2021-11-07','2022-06-30',53,25,252
Rank,Programmable contextually-based complexity,'2022-03-30','2022-03-15',78,33,226
Konklab,Focused directional framework,'2022-08-15','2022-06-06',38,1,298
Cardify,Adaptive multi-tasking extranet,'2022-06-03','2022-07-01',33,8,158
Prodder,Fundamental intermediate support,'2021-10-03','2022-09-12',60,2,819
Gembucket,Compatible logistical collaboration,'2022-04-03','2022-04-24',30,24,885
Ronstring,Universal exuding array,'2022-06-11','2022-04-25',62,9,606
Hatity,Self-enabling systematic installation,'2022-08-06','2022-07-17',22,23,908
Job,Optional object-oriented help-desk,'2022-01-29','2022-02-15',78,15,663
Namfix,Cloned stable internet solution,'2021-10-03','2022-01-06',94,30,880
Overhold,Multi-tiered analyzing model,'2022-05-02','2022-03-14',2,4,224
Quo Lux,Enterprise-wide directional array,'2021-11-22','2022-01-11',4,6,777
Treeflex,Visionary homogeneous migration,'2022-08-01','2022-06-06',35,24,777
Span,Monitored grid-enabled protocol,'2021-12-29','2022-01-22',91,17,255
Veribet,Public-key fault-tolerant open architecture,'2021-11-07','2021-09-28',9,32,785
Zathin,Quality-focused 4th generation superstructure,'2021-09-19','2022-09-04',68,29,321
Bigtax,Synergistic well-modulated solution,'2022-04-27','2022-08-11',82,3,510
Andalax,Exclusive background info-mediaries,'2022-01-23','2022-09-04',54,27,463
Zontrax,Progressive regional infrastructure,'2021-10-08','2021-09-26',12,27,874
Domainer,Function-based secondary budgetary management,'2022-02-16','2022-03-26',45,8,100
Transcof,Multi-lateral discrete policy,'2021-11-06','2022-06-06',82,32,587
Toughjoyfax,Function-based bandwidth-monitored framework,'2021-12-18','2021-10-06',0,10,601
Hatity,Programmable mission-critical secured line,'2022-01-11','2022-08-29',12,15,288
Bigtax,Centralized contextually-based internet solution,'2022-07-26','2022-07-13',21,23,433
Aerified,Profit-focused web-enabled forecast,'2021-12-06','2021-10-15',53,23,609
Zamit,Proactive directional installation,'2022-03-16','2022-04-23',48,30,781
Namfix,Reverse-engineered incremental standardization,'2021-11-30','2021-10-03',19,21,604
Bitchip,Up-sized 3rd generation customer loyalty,'2022-07-19','2022-09-06',2,13,268
Zontrax,Mandatory zero administration support,'2022-01-17','2022-09-03',92,20,499
Duobam,Fully-configurable didactic benchmark,'2022-04-14','2022-03-26',16,5,907
Bamity,Customizable actuating concept,'2022-01-11','2022-02-13',6,21,851
Fintone,Ameliorated 3rd generation task-force,'2022-03-05','2022-09-03',1,8,289
Stronghold,Universal regional process improvement,'2022-08-21','2022-08-18',73,28,7
Daltfresh,Reactive scalable extranet,'2022-08-27','2022-03-19',100,33,685
Tin,Synergized contextually-based toolset,'2021-12-04','2022-01-06',40,9,889
Toughjoyfax,Cross-group web-enabled hardware,'2021-10-12','2022-09-10',29,31,670
Fix San,Automated object-oriented system engine,'2022-08-26','2022-04-06',54,30,844
Fix San,Virtual foreground framework,'2021-10-13','2022-03-29',51,2,285
Flexidy,Multi-lateral mobile throughput,'2021-11-20','2022-01-11',10,15,87
Y-Solowarm,Ergonomic responsive infrastructure,'2021-10-31','2022-07-09',95,30,40
Zoolab,Integrated non-volatile alliance,'2022-03-03','2022-07-28',10,15,420
Wrapsafe,Upgradable analyzing moderator,'2022-04-15','2021-11-09',23,35,831
Pannier,Distributed value-added contingency,'2022-01-18','2022-09-05',90,32,203
Solarbreeze,Progressive 5th generation help-desk,'2022-01-15','2022-04-05',100,17,444
Pannier,Networked actuating attitude,'2022-04-02','2022-05-03',8,25,181
Bamity,Robust solution-oriented collaboration,'2022-01-19','2022-02-28',46,30,27
Konklux,Operative 4th generation middleware,'2021-09-21','2022-05-12',18,1,227
Y-find,Fundamental reciprocal migration,'2022-05-20','2022-02-28',63,11,165
Sonsing,Grass-roots demand-driven encryption,'2022-03-04','2021-11-24',56,33,355
Regrant,Organic transitional pricing structure,'2022-06-26','2021-10-26',55,20,73
Tres-Zap,Cross-group value-added adapter,'2021-09-23','2022-01-14',12,11,563
Toughjoyfax,Down-sized multi-tasking monitoring,'2021-12-19','2022-07-30',84,4,83
Gembucket,Devolved clear-thinking standardization,'2021-11-24','2022-06-17',91,13,374
Stronghold,Distributed bi-directional portal,'2022-07-11','2022-04-27',80,31,985
Keylex,Expanded human-resource core,'2021-10-15','2022-05-05',9,2,970
Span,Balanced needs-based implementation,'2022-04-04','2022-03-30',98,5,922
Flexidy,Operative even-keeled functionalities,'2022-02-09','2021-10-11',31,15,701
Job,Team-oriented cohesive archive,'2021-10-18','2022-06-12',22,8,674
Lotstring,Polarised homogeneous architecture,'2022-01-06','2021-12-18',26,21,689
Job,Open-architected 24/7 approach,'2021-10-10','2021-11-28',3,17,228
Stim,Robust mobile utilisation,'2022-08-12','2022-06-18',1,2,761
Stringtough,Function-based intangible Graphic Interface,'2021-10-31','2021-10-24',73,21,717
Tempsoft,Implemented client-driven approach,'2022-09-12','2022-06-29',25,9,45
Subin,Enhanced zero tolerance hierarchy,'2021-10-26','2022-06-04',83,33,928
Sonair,Streamlined regional strategy,'2022-04-21','2022-01-05',18,4,173
Viva,Cross-group asymmetric open architecture,'2022-03-09','2022-03-18',23,8,564
Sonair,Quality-focused incremental extranet,'2022-04-21','2022-03-18',9,34,760
Konklab,Synergized bandwidth-monitored architecture,'2022-05-03','2022-04-08',86,6,934
Tres-Zap,Diverse multimedia methodology,'2022-03-31','2021-12-26',3,27,643
Trippledex,Phased transitional intranet,'2022-07-05','2022-01-21',99,16,524
Asoka,Persevering hybrid implementation,'2022-03-09','2022-06-05',3,13,898
Latlux,Multi-layered intermediate encryption,'2022-08-27','2022-08-21',91,28,879
Cardguard,Fundamental next generation hardware,'2022-09-12','2022-06-17',38,24,751
Sub-Ex,Multi-layered discrete architecture,'2022-05-29','2022-06-15',82,14,859
Fintone,Expanded homogeneous algorithm,'2022-03-30','2021-10-19',46,6,946
Konklux,Ameliorated 6th generation leverage,'2021-10-24','2021-10-27',88,30,251
Prodder,Optimized mobile standardization,'2022-01-30','2022-07-30',74,11,964
Opela,Future-proofed exuding functionalities,'2022-07-05','2022-09-11',27,2,934
Rank,Team-oriented full-range Graphic Interface,'2022-05-19','2022-01-16',19,23,278
Tempsoft,Open-source scalable hardware,'2022-03-24','2022-02-23',45,11,520
Daltfresh,Devolved logistical focus group,'2021-11-05','2022-07-31',28,10,543
Opela,Open-architected client-server initiative,'2021-10-03','2022-02-16',64,9,102
Tampflex,Synergistic directional workforce,'2021-12-22','2022-08-29',29,8,807
Sonair,Compatible solution-oriented concept,'2021-10-02','2022-02-04',38,33,784
Alphazap,Assimilated holistic workforce,'2021-12-18','2022-07-25',72,29,84
Lotlux,Optimized radical instruction set,'2021-12-31','2021-12-22',58,9,458
Bitwolf,Streamlined static moratorium,'2022-02-06','2021-10-29',97,22,355
Mat Lam Tam,Automated methodical moratorium,'2022-06-17','2022-08-03',86,19,854
Wrapsafe,Adaptive global data-warehouse,'2021-10-03','2022-06-15',44,27,30
Matsoft,Profound high-level Graphic Interface,'2022-07-22','2022-06-22',66,23,546
Span,Horizontal grid-enabled moratorium,'2021-11-17','2022-07-27',23,19,780
Greenlam,Visionary leading edge pricing structure,'2022-04-17','2021-10-04',27,4,995
Latlux,Proactive actuating encoding,'2022-07-01','2022-03-21',26,32,335
Fix San,Persevering interactive benchmark,'2022-06-18','2022-02-11',81,16,954
Biodex,Self-enabling executive workforce,'2022-09-14','2022-05-19',35,27,801
Pannier,Team-oriented multimedia contingency,'2022-05-10','2021-09-27',6,2,893
Greenlam,Proactive well-modulated ability,'2022-04-10','2022-08-05',20,11,962
Quo Lux,Persistent client-driven help-desk,'2021-12-21','2022-02-07',89,33,307
Zathin,Ameliorated bi-directional knowledge user,'2021-10-31','2022-03-03',84,21,595
Zamit,Open-source holistic portal,'2022-06-30','2022-03-30',22,14,884
Bigtax,De-engineered dedicated architecture,'2022-01-18','2021-12-19',51,33,630
Overhold,Phased heuristic policy,'2021-09-27','2022-04-21',70,31,558
Sub-Ex,Front-line intermediate protocol,'2022-03-07','2022-01-04',63,26,567
Tempsoft,Phased multi-tasking strategy,'2022-08-31','2021-09-20',32,4,149
Voyatouch,Persevering context-sensitive time-frame,'2022-03-27','2022-09-10',21,19,680
Voyatouch,Re-engineered client-server flexibility,'2022-07-10','2022-01-19',13,24,311
Latlux,Sharable client-driven knowledge user,'2022-06-30','2022-07-24',92,5,984
Tempsoft,Reverse-engineered directional implementation,'2021-12-03','2022-01-17',32,25,549
Y-Solowarm,Pre-emptive demand-driven intranet,'2022-05-03','2022-02-25',15,1,739
Cardify,Right-sized well-modulated extranet,'2021-10-19','2021-11-10',71,33,710
Voyatouch,Synchronised solution-oriented flexibility,'2021-12-15','2021-09-18',35,25,105
Hatity,Right-sized radical product,'2021-12-29','2021-11-10',63,21,942
Bitchip,Pre-emptive grid-enabled initiative,'2022-08-29','2022-07-26',24,17,935
Zamit,Persistent multi-tasking leverage,'2022-02-01','2022-09-11',55,2,705
Voyatouch,Front-line object-oriented migration,'2022-01-27','2022-08-08',71,11,110
Tres-Zap,Re-engineered executive encryption,'2021-12-19','2022-07-16',35,23,763
Cookley,Self-enabling discrete policy,'2022-04-13','2022-01-08',60,20,780
Daltfresh,Streamlined 4th generation software,'2022-03-10','2022-07-07',24,34,796
Asoka,Stand-alone bottom-line project,'2022-07-11','2021-12-25',81,35,462
It,Cloned leading edge website,'2021-12-18','2022-01-09',37,19,584
Fintone,Persistent multi-state frame,'2022-01-12','2022-07-03',65,6,265
Redhold,Organized 6th generation matrix,'2022-08-24','2022-07-01',90,1,103
Matsoft,Horizontal scalable pricing structure,'2021-10-24','2021-11-20',6,4,166
Bitchip,Ergonomic web-enabled concept,'2022-08-12','2022-04-07',20,1,894
Tempsoft,Advanced disintermediate portal,'2022-07-30','2022-03-14',71,19,615
Bitwolf,Customizable zero administration capability,'2021-11-05','2022-07-27',24,13,684
Vagram,Vision-oriented bottom-line artificial intelligence,'2022-06-11','2022-08-23',61,5,586
Tin,Phased encompassing analyzer,'2022-05-20','2022-04-10',45,12,202
Bytecard,Multi-channelled intangible collaboration,'2021-12-19','2022-06-30',90,17,443
Daltfresh,Front-line object-oriented support,'2022-02-07','2021-12-08',2,20,266
Asoka,Ameliorated actuating orchestration,'2022-03-09','2021-12-27',53,22,188
Home Ing,Fundamental real-time instruction set,'2022-03-25','2022-02-25',2,33,963
Lotstring,Organic tertiary open architecture,'2021-12-28','2022-07-22',1,21,14
Sonsing,Ameliorated background success,'2022-07-02','2022-02-03',71,20,99
Fixflex,Polarised next generation contingency,'2022-02-26','2022-01-26',33,12,992
Temp,Customer-focused clear-thinking access,'2022-01-29','2022-08-08',79,5,61
Flowdesk,Profit-focused 5th generation system engine,'2022-05-18','2022-05-28',87,28,240
Konklux,Profound motivating attitude,'2022-06-17','2021-10-04',89,16,705
Aerified,Compatible national superstructure,'2022-05-16','2022-01-15',52,14,516
Home Ing,Balanced discrete policy,'2021-11-04','2022-06-02',53,2,842
Job,Reactive transitional infrastructure,'2021-10-23','2021-12-04',86,27,448
Veribet,Universal bifurcated website,'2021-12-19','2022-04-11',90,16,20
Fintone,Assimilated well-modulated forecast,'2022-03-30','2021-09-29',69,26,505
Konklux,Streamlined disintermediate collaboration,'2022-01-10','2022-09-03',31,29,539
Lotlux,Intuitive multi-state customer loyalty,'2022-03-03','2022-05-02',40,27,771
Treeflex,Managed incremental paradigm,'2021-10-26','2021-09-23',95,10,634
Ronstring,De-engineered exuding portal,'2022-07-20','2022-01-18',44,5,210
Tin,Monitored eco-centric ability,'2022-08-01','2021-10-19',64,4,247
Fixflex,User-friendly hybrid middleware,'2022-02-18','2022-03-26',55,19,167
Bitwolf,Optional explicit service-desk,'2022-06-26','2022-06-14',79,26,430
Lotlux,Seamless fault-tolerant paradigm,'2022-05-12','2022-03-25',23,32,934
Stronghold,Adaptive 4th generation monitoring,'2021-11-18','2022-03-30',73,5,16
Andalax,Vision-oriented 24/7 alliance,'2022-06-19','2022-06-05',84,20,489
Andalax,Seamless regional orchestration,'2022-08-20','2021-09-27',15,27,667
Sonsing,Multi-lateral stable conglomeration,'2022-01-15','2021-11-09',96,20,456
Voyatouch,Object-based 24 hour contingency,'2022-08-08','2021-10-15',48,11,807
Duobam,Programmable transitional conglomeration,'2022-01-30','2022-07-14',53,18,630
Zaam-Dox,Decentralized content-based utilisation,'2022-08-16','2022-05-18',85,8,98
Sub-Ex,Fully-configurable multi-tasking challenge,'2022-05-14','2022-03-13',61,12,716
Cookley,Robust content-based capability,'2021-09-27','2022-03-27',36,35,336
Y-Solowarm,Advanced modular internet solution,'2022-07-20','2022-03-24',66,3,122
Toughjoyfax,Future-proofed attitude-oriented productivity,'2022-01-03','2021-12-18',96,8,946
Wrapsafe,Configurable contextually-based migration,'2022-06-18','2022-02-02',68,31,744
Sonsing,Ergonomic multi-state customer loyalty,'2022-07-27','2022-01-07',20,3,477
Holdlamis,Fundamental global process improvement,'2021-11-03','2021-11-02',48,1,896
Temp,Stand-alone actuating policy,'2021-10-19','2021-11-01',12,21,135
Stringtough,Persistent secondary framework,'2022-05-21','2022-06-21',38,1,829
Veribet,Integrated leading edge hardware,'2022-05-14','2022-09-14',17,16,1000
Flexidy,Advanced neutral definition,'2021-09-25','2022-08-19',38,22,53
Voltsillam,Business-focused client-driven orchestration,'2021-11-20','2022-06-08',88,16,605
Rank,Fundamental grid-enabled data-warehouse,'2021-12-22','2022-01-06',84,32,327
Redhold,Organic system-worthy hub,'2022-05-20','2021-11-11',72,12,185
Alphazap,Profound dedicated initiative,'2022-04-26','2022-02-24',88,20,817
Keylex,Inverse zero tolerance neural-net,'2022-06-05','2022-04-01',45,30,399
Biodex,Total modular monitoring,'2022-08-09','2021-10-24',65,35,375
Home Ing,Configurable motivating hierarchy,'2022-02-28','2022-07-15',25,7,527
Redhold,Organic analyzing toolset,'2021-10-27','2022-05-22',21,9,559
Vagram,Enhanced coherent challenge,'2022-01-20','2022-04-04',22,22,459
Voltsillam,Enterprise-wide multi-tasking matrix,'2022-04-03','2022-02-06',27,7,419
Sonsing,Fully-configurable client-server concept,'2022-03-13','2021-12-09',13,21,727
Trippledex,Vision-oriented exuding attitude,'2021-09-25','2022-03-21',29,22,361
Holdlamis,Configurable foreground secured line,'2022-05-27','2021-12-06',67,6,673
Zaam-Dox,Streamlined systematic moratorium,'2021-12-14','2022-07-27',82,9,649
Y-find,Optional local concept,'2022-07-12','2021-10-05',94,32,233
Fix San,Focused high-level methodology,'2021-11-25','2022-06-05',88,11,843
Vagram,Synchronised disintermediate Graphic Interface,'2022-08-11','2022-04-19',75,23,372
Bitchip,Exclusive user-facing hierarchy,'2021-12-11','2022-08-13',87,24,644
Daltfresh,Function-based analyzing parallelism,'2022-06-27','2022-01-03',8,16,522
Tampflex,Multi-tiered dynamic artificial intelligence,'2022-08-10','2021-12-31',64,17,251
Fix San,Multi-layered intangible system engine,'2022-08-18','2022-03-12',75,31,239
Span,De-engineered bandwidth-monitored throughput,'2022-03-17','2022-03-02',0,8,596
Cardify,Balanced logistical array,'2022-04-23','2022-05-04',13,20,725
Fixflex,Advanced dedicated open system,'2022-02-17','2022-03-11',36,27,900
Toughjoyfax,Synergistic maximized moratorium,'2022-09-14','2021-09-17',14,30,164
It,Function-based incremental benchmark,'2021-10-13','2022-06-02',9,25,617
Stronghold,Reduced multimedia projection,'2021-09-29','2021-12-02',1,8,894
Domainer,Re-contextualized directional methodology,'2022-03-07','2022-03-19',87,12,412
Prodder,Right-sized fault-tolerant neural-net,'2021-11-18','2022-08-09',80,35,678
Fintone,Synchronised executive budgetary management,'2021-09-20','2022-01-31',97,27,486
Sonsing,Cloned fault-tolerant toolset,'2022-04-08','2021-09-24',86,14,105
Aerified,Focused asymmetric project,'2022-09-08','2022-07-04',37,14,813
